id,invoice_id,produk_id,quantity,payment_id,jenis_pesanan,kurir_id,tanggal_transaksi,customer_id
1997,1495,2,1,1,1,2,2022-01-01,83
1998,1496,13,2,4,1,3,2022-01-01,92
1999,1497,1,1,2,1,1,2022-01-01,57
2000,1497,19,1,2,1,1,2022-01-01,57
2001,1498,4,2,4,2,,2022-01-01,38
2002,1499,17,1,5,1,3,2022-01-01,63
2003,1500,11,1,3,2,,2022-01-01,88
2004,1500,25,2,3,2,,2022-01-01,57
2005,1500,31,1,3,2,,2022-01-01,35
2006,1501,13,1,2,2,,2022-01-01,20
2007,1502,12,2,1,1,3,2022-01-02,57
2008,1503,14,3,1,2,,2022-01-02,60
2009,1504,3,3,2,1,3,2022-01-02,63
2010,1504,22,2,2,1,3,2022-01-02,63
2011,1505,8,2,3,1,1,2022-01-02,92
2012,1505,20,2,3,1,1,2022-01-02,92
2013,1506,1,1,6,1,1,2022-01-02,46
2014,1507,7,3,5,1,1,2022-01-02,91
2015,1508,17,2,4,1,1,2022-01-03,86
2016,1509,18,3,5,2,,2022-01-04,17
2017,1509,23,1,5,2,,2022-01-04,17
2018,1510,3,2,3,1,2,2022-01-04,27
2019,1511,18,1,2,1,3,2022-01-04,76
2020,1512,7,2,1,1,2,2022-01-04,84
2021,1512,26,2,1,1,2,2022-01-04,95
2022,1513,4,1,6,2,,2022-01-05,71
2023,1514,5,1,5,1,1,2022-01-05,33
2024,1514,20,1,5,1,1,2022-01-05,33
2025,1515,16,1,4,1,2,2022-01-06,82
2026,1516,18,2,1,1,3,2022-01-06,72
2027,1517,1,3,3,1,3,2022-01-06,53
2028,1517,21,1,3,1,3,2022-01-06,53
2029,1518,18,2,2,2,,2022-01-07,84
2030,1519,10,1,6,1,1,2022-01-07,5
2031,1520,10,1,3,1,1,2022-01-07,30
2032,1521,16,2,6,1,3,2022-01-07,9
2033,1522,5,1,2,2,,2022-01-08,24
2034,1523,15,3,6,1,2,2022-01-08,62
2035,1523,22,1,6,1,2,2022-01-08,62
2036,1524,17,2,5,2,,2022-01-09,1
2037,1525,17,1,4,1,3,2022-01-09,61
2038,1525,21,2,4,1,3,2022-01-09,61
2039,1526,8,2,6,2,,2022-01-09,40
2040,1527,6,2,3,1,1,2022-01-09,85
2041,1527,31,1,3,1,1,2022-01-09,35
2042,1528,10,1,2,1,2,2022-01-09,49
2043,1529,7,1,2,2,,2022-01-09,73
2044,1529,27,1,2,2,,2022-01-09,95
2045,1530,1,3,2,1,1,2022-01-09,30
2046,1531,16,1,6,1,1,2022-01-10,3
2047,1531,30,1,6,1,1,2022-01-10,60
2048,1532,17,1,4,2,,2022-01-10,65
2049,1533,16,1,4,2,,2022-01-10,3
2050,1534,14,2,6,1,2,2022-01-10,99
2051,1535,4,1,6,1,1,2022-01-11,37
2052,1536,8,3,2,1,1,2022-01-11,80
2053,1537,1,2,2,1,1,2022-01-11,46
2054,1537,23,1,2,1,1,2022-01-11,46
2055,1538,5,3,4,2,,2022-01-11,78
2056,1539,9,2,6,1,1,2022-01-12,48
2057,1540,12,2,2,1,3,2022-01-12,7
2058,1541,14,2,1,1,3,2022-01-12,66
2059,1542,6,3,5,2,,2022-01-12,56
2060,1543,1,1,5,2,,2022-01-12,68
2061,1544,8,2,4,2,,2022-01-13,6
2062,1545,16,3,2,2,,2022-01-13,58
2063,1546,1,3,5,1,1,2022-01-14,27
2064,1547,1,1,3,2,,2022-01-14,61
2065,1547,22,2,3,2,,2022-01-14,61
2066,1548,13,1,4,1,2,2022-01-14,16
2067,1549,2,2,6,1,2,2022-01-14,62
2068,1550,2,1,5,1,3,2022-01-14,66
2069,1551,16,1,4,2,,2022-01-15,77
2070,1551,22,1,4,2,,2022-01-15,77
2071,1552,17,2,1,2,,2022-01-16,81
2072,1553,1,2,4,2,,2022-01-17,27
2073,1554,13,2,2,1,2,2022-01-18,55
2074,1554,27,1,2,1,2,2022-01-18,95
2075,1555,12,3,6,1,2,2022-01-18,35
2076,1556,16,3,4,2,,2022-01-18,96
2077,1557,7,1,3,1,3,2022-01-18,75
2078,1557,23,2,3,1,3,2022-01-18,75
2079,1557,27,1,3,1,3,2022-01-18,95
2080,1558,10,3,3,1,1,2022-01-18,9
2081,1559,10,3,4,2,,2022-01-18,69
2082,1560,1,3,4,1,3,2022-01-18,86
2083,1561,1,3,6,1,1,2022-01-19,22
2084,1562,17,3,5,1,1,2022-01-19,77
2085,1563,9,3,1,2,,2022-01-19,20
2086,1564,8,3,3,2,,2022-01-19,46
2087,1565,12,1,3,1,2,2022-01-19,64
2088,1565,22,2,3,1,2,2022-01-19,64
2089,1565,25,2,3,1,2,2022-01-19,57
2090,1566,14,1,1,2,,2022-01-20,50
2091,1567,5,2,6,2,,2022-01-20,8
2092,1567,20,1,6,2,,2022-01-20,8
2093,1568,18,3,2,1,1,2022-01-21,68
2094,1569,17,2,3,2,,2022-01-21,82
2095,1570,8,3,3,1,3,2022-01-22,11
2096,1571,1,1,3,2,,2022-01-22,99
2097,1572,2,3,5,1,2,2022-01-23,25
2098,1573,12,2,3,2,,2022-01-23,59
2099,1573,26,1,3,2,,2022-01-23,95
2100,1573,25,2,3,2,,2022-01-23,57
2101,1574,12,2,3,1,3,2022-01-23,18
2102,1575,9,3,4,1,2,2022-01-24,77
2103,1576,10,3,6,2,,2022-01-24,90
2104,1577,13,2,1,1,1,2022-01-24,15
2105,1578,18,1,3,2,,2022-01-25,41
2106,1579,8,2,1,2,,2022-01-25,54
2107,1580,4,1,4,1,3,2022-01-25,22
2108,1581,11,2,2,2,,2022-01-26,7
2109,1581,21,1,2,2,,2022-01-26,7
2110,1581,20,2,2,2,,2022-01-26,7
2111,1582,18,2,3,2,,2022-01-26,31
2112,1582,22,1,3,2,,2022-01-26,31
2113,1582,31,2,3,2,,2022-01-26,35
2114,1583,18,1,5,1,3,2022-01-26,53
2115,1583,27,1,5,1,3,2022-01-26,95
2116,1584,15,3,2,1,3,2022-01-27,80
2117,1585,2,2,2,2,,2022-01-27,31
2118,1585,22,1,2,2,,2022-01-27,31
2119,1586,11,3,5,1,3,2022-01-28,46
2120,1587,10,3,5,1,3,2022-01-28,29
2121,1587,19,1,5,1,3,2022-01-28,29
2122,1588,6,2,5,2,,2022-01-29,95
2123,1589,16,1,4,1,1,2022-01-29,14
2124,1590,11,1,3,2,,2022-01-29,70
2125,1591,18,2,2,1,3,2022-01-29,86
2126,1592,3,3,6,1,1,2022-01-30,22
2127,1593,1,1,1,2,,2022-01-30,11
2128,1593,25,2,1,2,,2022-01-30,57
2129,1594,5,2,1,1,3,2022-01-30,52
2130,1595,15,1,4,2,,2022-01-30,42
2131,1595,29,2,4,2,,2022-01-30,96
2132,1596,4,1,5,2,,2022-01-31,76
2133,1597,2,2,6,2,,2022-01-31,33
2134,1598,9,2,5,1,3,2022-01-31,61
2135,1598,26,2,5,1,3,2022-01-31,95
2136,1599,14,1,1,2,,2022-02-01,64
2137,1600,9,2,5,2,,2022-02-01,14
2138,1601,1,1,3,2,,2022-02-01,69
2139,1602,10,3,3,2,,2022-02-01,1
2140,1603,16,2,6,2,,2022-02-01,69
2141,1604,6,2,6,1,1,2022-02-01,1
2142,1605,18,3,1,1,2,2022-02-01,98
2143,1606,16,1,6,2,,2022-02-02,27
2144,1606,30,2,6,2,,2022-02-02,60
2145,1607,3,3,1,1,2,2022-02-02,45
2146,1608,17,1,5,1,2,2022-02-02,10
2147,1609,17,2,4,2,,2022-02-02,39
2148,1610,6,1,1,1,1,2022-02-02,57
2149,1611,15,1,3,2,,2022-02-02,63
2150,1611,20,2,3,2,,2022-02-02,63
2151,1612,14,1,6,2,,2022-02-02,89
2152,1613,14,3,4,2,,2022-02-03,29
2153,1614,8,3,4,1,1,2022-02-03,62
2154,1614,20,1,4,1,1,2022-02-03,62
2155,1615,8,2,6,1,1,2022-02-03,66
2156,1616,16,3,1,1,3,2022-02-03,86
2157,1616,29,2,1,1,3,2022-02-03,96
2158,1617,15,3,4,1,3,2022-02-03,26
2159,1618,3,3,4,1,3,2022-02-03,93
2160,1618,22,2,4,1,3,2022-02-03,93
2161,1618,25,1,4,1,3,2022-02-03,57
2162,1619,15,3,6,2,,2022-02-03,86
2163,1620,14,2,2,2,,2022-02-04,61
2164,1621,6,3,3,2,,2022-02-04,94
2165,1622,10,2,2,2,,2022-02-05,21
2166,1623,7,3,6,1,3,2022-02-05,32
2167,1624,3,2,4,1,3,2022-02-06,73
2168,1625,18,2,4,2,,2022-02-06,28
2169,1626,2,1,5,1,3,2022-02-06,66
2170,1627,12,3,3,2,,2022-02-07,4
2171,1627,30,1,3,2,,2022-02-07,60
2172,1628,17,2,5,2,,2022-02-07,27
2173,1629,12,3,2,2,,2022-02-07,20
2174,1630,5,2,1,2,,2022-02-07,86
2175,1631,2,1,5,1,3,2022-02-08,25
2176,1632,13,2,3,1,1,2022-02-08,70
2177,1632,30,1,3,1,1,2022-02-08,60
2178,1633,1,3,5,1,3,2022-02-08,26
2179,1633,22,1,5,1,3,2022-02-08,26
2180,1634,12,2,6,2,,2022-02-09,21
2181,1635,18,2,5,2,,2022-02-09,81
2182,1635,22,1,5,2,,2022-02-09,81
2183,1636,10,1,6,2,,2022-02-09,26
2184,1637,11,3,4,1,2,2022-02-10,100
2185,1638,14,3,4,2,,2022-02-10,48
2186,1639,5,1,6,2,,2022-02-10,37
2187,1640,10,1,1,2,,2022-02-10,19
2188,1641,14,1,2,2,,2022-02-10,86
2189,1642,17,2,5,1,2,2022-02-11,30
2190,1643,5,2,5,1,1,2022-02-11,12
2191,1644,11,1,5,1,3,2022-02-11,46
2192,1645,2,2,1,2,,2022-02-11,32
2193,1645,27,1,1,2,,2022-02-11,95
2194,1646,1,1,4,1,3,2022-02-12,50
2195,1647,9,2,6,2,,2022-02-12,53
2196,1648,13,2,1,1,1,2022-02-12,25
2197,1649,17,2,2,1,1,2022-02-12,69
2198,1650,18,3,1,2,,2022-02-12,82
2199,1650,31,2,1,2,,2022-02-12,35
2200,1651,1,1,2,2,,2022-02-12,77
2201,1652,12,2,4,1,3,2022-02-12,34
2202,1652,21,2,4,1,3,2022-02-12,34
2203,1653,11,3,1,2,,2022-02-13,25
2204,1653,19,1,1,2,,2022-02-13,25
2205,1654,1,3,1,1,2,2022-02-13,45
2206,1655,14,3,3,2,,2022-02-13,52
2207,1655,23,2,3,2,,2022-02-13,52
2208,1656,12,1,4,2,,2022-02-13,1
2209,1657,9,3,6,2,,2022-02-13,14
2210,1658,8,2,4,1,2,2022-02-14,26
2211,1659,11,2,2,1,2,2022-02-14,16
2212,1660,3,2,3,1,1,2022-02-14,26
2213,1661,9,1,4,2,,2022-02-15,44
2214,1661,20,2,4,2,,2022-02-15,44
2215,1661,21,2,4,2,,2022-02-15,44
2216,1662,16,3,4,2,,2022-02-15,14
2217,1663,10,2,2,1,2,2022-02-15,28
2218,1664,18,2,6,2,,2022-02-15,91
2219,1664,24,2,6,2,,2022-02-15,21
2220,1665,18,1,4,1,2,2022-02-15,70
2221,1666,4,1,2,2,,2022-02-16,32
2222,1667,3,3,3,1,3,2022-02-16,87
2223,1668,3,2,3,2,,2022-02-16,63
2224,1669,2,2,3,1,3,2022-02-16,76
2225,1669,26,2,3,1,3,2022-02-16,95
2226,1670,15,3,4,2,,2022-02-16,49
2227,1671,16,1,3,1,2,2022-02-16,17
2228,1672,1,1,1,1,1,2022-02-17,35
2229,1673,6,3,2,2,,2022-02-17,90
2230,1674,3,2,3,1,1,2022-02-17,20
2231,1675,17,2,2,1,2,2022-02-18,7
2232,1676,9,3,4,1,1,2022-02-18,51
2233,1677,11,2,6,2,,2022-02-18,24
2234,1677,24,1,6,2,,2022-02-18,21
2235,1678,12,3,3,2,,2022-02-19,51
2236,1679,3,1,3,2,,2022-02-19,88
2237,1680,16,1,1,1,1,2022-02-19,9
2238,1681,13,2,4,2,,2022-02-19,58
2239,1681,20,2,4,2,,2022-02-19,58
2240,1681,21,2,4,2,,2022-02-19,58
2241,1682,16,2,4,1,2,2022-02-19,25
2242,1683,10,3,6,2,,2022-02-19,82
2243,1684,10,2,1,2,,2022-02-20,30
2244,1684,20,1,1,2,,2022-02-20,30
2245,1685,13,2,2,1,3,2022-02-20,2
2246,1686,2,1,6,2,,2022-02-20,39
2247,1687,2,2,4,2,,2022-02-20,7
2248,1688,10,3,6,1,1,2022-02-20,69
2249,1689,12,1,5,2,,2022-02-20,71
2250,1689,28,2,5,2,,2022-02-20,24
2251,1690,10,3,5,2,,2022-02-20,40
2252,1691,18,2,1,1,2,2022-02-20,11
2253,1692,16,2,4,1,1,2022-02-20,97
2254,1692,20,2,4,1,1,2022-02-20,97
2255,1692,26,2,4,1,1,2022-02-20,95
2256,1693,17,3,2,1,2,2022-02-20,13
2257,1694,15,2,4,2,,2022-02-20,36
2258,1694,24,2,4,2,,2022-02-20,21
2259,1695,12,1,5,1,2,2022-02-21,57
2260,1695,22,1,5,1,2,2022-02-21,57
2261,1695,26,1,5,1,2,2022-02-21,95
2262,1696,5,1,1,2,,2022-02-21,66
2263,1697,15,2,2,1,3,2022-02-22,15
2264,1698,10,1,5,1,2,2022-02-22,43
2265,1698,26,1,5,1,2,2022-02-22,95
2266,1699,2,2,3,2,,2022-02-22,80
2267,1700,18,1,5,2,,2022-02-22,70
2268,1701,4,1,1,2,,2022-02-23,73
2269,1702,3,3,6,2,,2022-02-23,14
2270,1703,12,2,5,1,2,2022-02-23,7
2271,1703,22,1,5,1,2,2022-02-23,7
2272,1703,31,2,5,1,2,2022-02-23,35
2273,1704,14,3,6,1,2,2022-02-23,82
2274,1705,2,1,2,2,,2022-02-23,38
2275,1706,15,2,3,2,,2022-02-24,57
2276,1707,3,3,2,2,,2022-02-24,74
2277,1708,13,3,1,1,2,2022-02-24,28
2278,1708,31,2,1,1,2,2022-02-24,35
2279,1709,14,1,2,2,,2022-02-24,27
2280,1710,11,3,4,1,3,2022-02-24,89
2281,1710,28,1,4,1,3,2022-02-24,24
2282,1711,10,2,4,1,3,2022-02-25,5
2283,1712,2,3,6,2,,2022-02-25,17
2284,1713,6,3,5,1,2,2022-02-25,20
2285,1714,6,1,1,2,,2022-02-25,54
2286,1714,20,1,1,2,,2022-02-25,54
2287,1715,2,1,4,2,,2022-02-25,27
2288,1716,10,3,3,1,2,2022-02-26,2
2289,1717,7,2,5,2,,2022-02-26,1
2290,1718,14,2,4,1,3,2022-02-27,35
2291,1718,23,1,4,1,3,2022-02-27,35
2292,1719,3,2,4,2,,2022-02-27,3
2293,1720,15,3,4,1,3,2022-02-27,2
2294,1721,5,2,1,1,3,2022-02-27,62
2295,1721,27,2,1,1,3,2022-02-27,95
2296,1722,17,1,6,1,2,2022-02-27,25
2297,1723,5,3,2,1,2,2022-02-27,37
2298,1724,9,2,3,2,,2022-02-28,33
2299,1725,14,1,6,2,,2022-02-28,94
2300,1726,14,1,5,1,3,2022-02-28,87
2301,1726,19,2,5,1,3,2022-02-28,87
2302,1727,4,2,5,2,,2022-02-28,28
2303,1727,30,1,5,2,,2022-02-28,60
2304,1728,10,3,1,1,3,2022-02-28,44
2305,1729,1,3,2,2,,2022-02-28,37
2306,1730,18,2,3,2,,2022-02-28,92
2307,1731,9,3,1,1,2,2022-03-01,45
2308,1731,25,2,1,1,2,2022-03-01,57
2309,1732,10,2,1,2,,2022-03-02,48
2310,1732,19,2,1,2,,2022-03-02,48
2311,1733,6,1,1,2,,2022-03-03,99
2312,1733,23,1,1,2,,2022-03-03,99
2313,1734,3,2,4,2,,2022-03-03,47
2314,1734,27,2,4,2,,2022-03-03,95
2315,1735,15,2,1,1,2,2022-03-03,60
2316,1736,17,3,2,1,2,2022-03-04,32
2317,1737,15,2,6,1,2,2022-03-04,73
2318,1737,20,1,6,1,2,2022-03-04,73
2319,1738,18,3,2,1,2,2022-03-04,50
2320,1739,4,3,5,2,,2022-03-05,17
2321,1739,19,1,5,2,,2022-03-05,17
2322,1740,7,3,4,1,2,2022-03-05,56
2323,1740,20,1,4,1,2,2022-03-05,56
2324,1740,22,2,4,1,2,2022-03-05,56
2325,1741,12,3,3,1,2,2022-03-05,80
2326,1742,11,2,1,1,1,2022-03-05,49
2327,1743,14,2,6,1,2,2022-03-05,46
2328,1744,13,3,6,2,,2022-03-05,12
2329,1745,8,2,2,1,2,2022-03-05,21
2330,1746,12,1,1,1,1,2022-03-06,96
2331,1747,2,1,4,2,,2022-03-06,78
2332,1748,10,1,4,1,1,2022-03-06,5
2333,1748,22,1,4,1,1,2022-03-06,5
2334,1749,13,1,4,1,1,2022-03-07,26
2335,1750,17,1,4,2,,2022-03-07,50
2336,1751,14,3,6,2,,2022-03-07,57
2337,1752,5,2,6,2,,2022-03-07,9
2338,1752,31,1,6,2,,2022-03-07,35
2339,1753,13,2,4,2,,2022-03-07,49
2340,1754,7,3,4,1,1,2022-03-07,45
2341,1755,16,2,6,2,,2022-03-07,33
2342,1756,12,2,4,2,,2022-03-07,45
2343,1757,8,3,2,2,,2022-03-07,67
2344,1757,25,2,2,2,,2022-03-07,57
2345,1758,14,1,6,2,,2022-03-08,33
2346,1759,16,3,2,1,3,2022-03-08,28
2347,1759,29,1,2,1,3,2022-03-08,96
2348,1760,12,3,3,1,1,2022-03-09,65
2349,1761,16,1,2,1,2,2022-03-09,80
2350,1762,14,3,6,1,1,2022-03-09,80
2351,1763,8,1,1,1,1,2022-03-10,98
2352,1764,7,1,3,2,,2022-03-10,100
2353,1765,3,3,5,1,1,2022-03-11,89
2354,1766,5,3,3,1,2,2022-03-11,5
2355,1767,12,1,1,2,,2022-03-11,23
2356,1767,21,2,1,2,,2022-03-11,23
2357,1768,4,2,6,2,,2022-03-11,66
2358,1768,26,1,6,2,,2022-03-11,95
2359,1769,17,1,1,2,,2022-03-12,4
2360,1770,11,3,3,2,,2022-03-12,51
2361,1770,29,2,3,2,,2022-03-12,96
2362,1771,15,1,5,1,1,2022-03-13,11
2363,1772,13,2,6,2,,2022-03-13,88
2364,1772,19,1,6,2,,2022-03-13,88
2365,1773,17,2,6,1,3,2022-03-13,69
2366,1773,20,2,6,1,3,2022-03-13,69
2367,1774,5,1,1,1,3,2022-03-13,40
2368,1774,29,1,1,1,3,2022-03-13,96
2369,1775,6,2,2,1,1,2022-03-13,52
2370,1775,23,1,2,1,1,2022-03-13,52
2371,1776,4,2,4,1,3,2022-03-14,95
2372,1777,12,1,2,1,3,2022-03-14,42
2373,1777,29,2,2,1,3,2022-03-14,96
2374,1778,4,2,6,1,1,2022-03-14,92
2375,1779,18,3,6,1,3,2022-03-14,79
2376,1779,31,1,6,1,3,2022-03-14,35
2377,1780,13,3,5,2,,2022-03-14,56
2378,1781,1,3,1,1,2,2022-03-14,27
2379,1781,19,2,1,1,2,2022-03-14,27
2380,1782,8,3,4,2,,2022-03-15,97
2381,1783,11,3,3,2,,2022-03-15,49
2382,1783,22,1,3,2,,2022-03-15,49
2383,1784,11,3,4,1,1,2022-03-15,30
2384,1785,18,1,1,1,2,2022-03-16,46
2385,1786,1,2,6,2,,2022-03-16,1
2386,1786,26,2,6,2,,2022-03-16,95
2387,1786,27,1,6,2,,2022-03-16,95
2388,1787,17,1,6,1,2,2022-03-16,77
2389,1788,15,2,5,2,,2022-03-16,45
2390,1788,19,1,5,2,,2022-03-16,45
2391,1789,13,3,1,1,2,2022-03-16,75
2392,1790,4,1,3,1,2,2022-03-16,2
2393,1791,14,3,2,2,,2022-03-16,55
2394,1791,22,2,2,2,,2022-03-16,55
2395,1792,9,3,5,1,2,2022-03-16,12
2396,1793,14,1,3,2,,2022-03-17,3
2397,1794,10,2,2,1,2,2022-03-17,83
2398,1795,2,3,6,2,,2022-03-17,82
2399,1796,3,1,4,1,2,2022-03-17,19
2400,1796,22,1,4,1,2,2022-03-17,19
2401,1797,12,2,1,2,,2022-03-17,20
2402,1797,31,1,1,2,,2022-03-17,35
2403,1798,1,3,6,2,,2022-03-17,18
2404,1799,18,3,1,1,2,2022-03-17,39
2405,1800,6,3,4,2,,2022-03-17,52
2406,1800,31,2,4,2,,2022-03-17,35
2407,1801,9,3,2,2,,2022-03-18,71
2408,1802,13,3,2,2,,2022-03-18,47
2409,1802,22,2,2,2,,2022-03-18,47
2410,1802,24,2,2,2,,2022-03-18,21
2411,1803,15,1,2,1,2,2022-03-18,96
2412,1803,26,2,2,1,2,2022-03-18,95
2413,1804,10,2,3,1,1,2022-03-19,40
2414,1805,18,3,6,1,1,2022-03-19,34
2415,1806,4,2,5,1,3,2022-03-19,51
2416,1807,6,2,6,1,2,2022-03-19,1
2417,1808,17,3,1,2,,2022-03-19,56
2418,1808,19,1,1,2,,2022-03-19,56
2419,1808,28,1,1,2,,2022-03-19,24
2420,1809,11,2,2,1,3,2022-03-19,86
2421,1810,9,1,3,2,,2022-03-19,35
2422,1811,10,1,6,1,2,2022-03-20,56
2423,1812,14,1,3,2,,2022-03-20,40
2424,1813,8,2,3,1,2,2022-03-21,93
2425,1814,11,3,1,1,3,2022-03-21,89
2426,1815,9,1,3,2,,2022-03-21,52
2427,1816,16,2,3,1,2,2022-03-22,11
2428,1816,29,1,3,1,2,2022-03-22,96
2429,1817,14,1,3,2,,2022-03-22,62
2430,1817,20,2,3,2,,2022-03-22,62
2431,1818,2,1,1,2,,2022-03-22,23
2432,1818,26,2,1,2,,2022-03-22,95
2433,1818,30,2,1,2,,2022-03-22,60
2434,1819,12,2,4,1,1,2022-03-23,21
2435,1820,5,1,4,1,3,2022-03-23,53
2436,1821,12,3,5,2,,2022-03-23,58
2437,1822,12,2,1,2,,2022-03-24,96
2438,1823,4,3,2,1,1,2022-03-24,49
2439,1824,15,1,2,1,1,2022-03-24,72
2440,1825,10,2,2,1,2,2022-03-24,5
2441,1826,4,2,5,2,,2022-03-25,66
2442,1827,18,3,5,2,,2022-03-25,94
2443,1827,29,2,5,2,,2022-03-25,96
2444,1828,17,2,2,1,3,2022-03-25,21
2445,1828,30,2,2,1,3,2022-03-25,60
2446,1829,12,1,3,1,2,2022-03-25,46
2447,1829,26,2,3,1,2,2022-03-25,95
2448,1830,12,3,3,2,,2022-03-25,17
2449,1831,9,1,5,2,,2022-03-25,23
2450,1832,5,2,4,2,,2022-03-25,81
2451,1833,6,1,6,2,,2022-03-26,87
2452,1834,15,2,3,1,2,2022-03-26,20
2453,1834,21,1,3,1,2,2022-03-26,20
2454,1835,9,1,2,2,,2022-03-26,38
2455,1836,17,1,4,2,,2022-03-26,44
2456,1837,8,3,2,2,,2022-03-26,20
2457,1838,13,3,6,2,,2022-03-26,31
2458,1839,12,3,6,1,2,2022-03-26,70
2459,1840,12,2,3,2,,2022-03-27,50
2460,1841,7,1,4,1,2,2022-03-27,18
2461,1842,17,3,6,1,2,2022-03-27,72
2462,1843,2,3,1,2,,2022-03-28,1
2463,1844,4,3,3,2,,2022-03-28,81
2464,1845,6,1,5,1,2,2022-03-29,76
2465,1845,23,1,5,1,2,2022-03-29,76
2466,1845,31,1,5,1,2,2022-03-29,35
2467,1846,4,3,6,2,,2022-03-29,83
2468,1847,5,1,3,2,,2022-03-29,64
2469,1847,22,2,3,2,,2022-03-29,64
2470,1847,28,2,3,2,,2022-03-29,24
2471,1848,14,2,4,1,1,2022-03-30,95
2472,1849,17,1,4,2,,2022-03-30,54
2473,1850,12,1,2,2,,2022-03-30,83
2474,1851,13,2,1,1,1,2022-03-30,74
2475,1851,21,2,1,1,1,2022-03-30,74
2476,1852,13,1,4,1,3,2022-03-30,88
2477,1853,5,1,3,2,,2022-03-30,49
2478,1854,18,3,1,2,,2022-03-31,18
2479,1855,7,3,4,1,3,2022-03-31,37
2480,1856,1,1,1,1,2,2022-03-31,66
2481,1856,19,1,1,1,2,2022-03-31,66
2482,1857,6,2,3,1,2,2022-03-31,70
2483,1857,23,2,3,1,2,2022-03-31,70
2484,1857,24,1,3,1,2,2022-03-31,21
2485,1858,8,1,1,2,,2022-03-31,77
2486,1859,8,2,1,2,,2022-04-01,15
2487,1860,1,3,5,1,2,2022-04-01,40
2488,1861,16,2,5,2,,2022-04-01,57
2489,1862,9,1,6,1,2,2022-04-01,89
2490,1863,9,2,5,2,,2022-04-02,61
2491,1864,2,2,6,2,,2022-04-02,26
2492,1865,17,2,5,2,,2022-04-02,76
2493,1866,2,2,5,2,,2022-04-03,85
2494,1866,21,1,5,2,,2022-04-03,85
2495,1867,1,3,6,1,3,2022-04-03,73
2496,1868,12,1,3,2,,2022-04-04,85
2497,1869,16,1,6,2,,2022-04-04,3
2498,1870,9,3,5,1,2,2022-04-04,82
2499,1871,13,1,6,1,2,2022-04-04,29
2500,1872,16,2,4,2,,2022-04-05,95
2501,1872,19,2,4,2,,2022-04-05,95
2502,1873,11,2,1,1,1,2022-04-05,25
2503,1874,15,3,3,1,1,2022-04-05,55
2504,1875,9,3,3,1,2,2022-04-05,32
2505,1875,22,1,3,1,2,2022-04-05,32
2506,1875,30,1,3,1,2,2022-04-05,60
2507,1876,6,2,1,2,,2022-04-05,70
2508,1876,29,1,1,2,,2022-04-05,96
2509,1877,18,1,3,2,,2022-04-06,35
2510,1878,6,1,3,2,,2022-04-06,90
2511,1878,25,2,3,2,,2022-04-06,57
2512,1879,5,2,6,2,,2022-04-06,93
2513,1879,23,1,6,2,,2022-04-06,93
2514,1880,18,1,5,1,3,2022-04-06,86
2515,1881,13,2,3,1,3,2022-04-06,12
2516,1882,4,2,1,1,2,2022-04-06,71
2517,1882,19,1,1,1,2,2022-04-06,71
2518,1883,8,1,4,2,,2022-04-06,28
2519,1883,23,1,4,2,,2022-04-06,28
2520,1883,27,1,4,2,,2022-04-06,95
2521,1884,2,1,3,2,,2022-04-07,51
2522,1885,2,2,1,1,1,2022-04-07,87
2523,1886,9,1,4,1,2,2022-04-07,8
2524,1886,28,2,4,1,2,2022-04-07,24
2525,1887,4,2,6,1,3,2022-04-08,40
2526,1887,20,1,6,1,3,2022-04-08,40
2527,1888,6,1,3,1,2,2022-04-08,15
2528,1889,16,3,5,1,2,2022-04-08,11
2529,1890,8,2,4,2,,2022-04-08,74
2530,1890,23,2,4,2,,2022-04-08,74
2531,1891,5,3,6,1,3,2022-04-08,6
2532,1892,2,2,2,2,,2022-04-08,51
2533,1893,18,2,6,2,,2022-04-08,62
2534,1894,2,3,5,1,2,2022-04-08,25
2535,1894,21,1,5,1,2,2022-04-08,25
2536,1895,9,2,2,1,3,2022-04-09,48
2537,1895,19,2,2,1,3,2022-04-09,48
2538,1896,15,3,5,1,2,2022-04-09,14
2539,1897,5,3,4,2,,2022-04-09,29
2540,1897,29,1,4,2,,2022-04-09,96
2541,1898,15,1,4,2,,2022-04-09,28
2542,1899,2,2,4,2,,2022-04-09,74
2543,1899,22,1,4,2,,2022-04-09,74
2544,1900,9,3,1,2,,2022-04-09,96
2545,1901,8,1,5,2,,2022-04-09,16
2546,1902,5,3,4,2,,2022-04-09,30
2547,1903,11,2,6,2,,2022-04-09,47
2548,1904,7,2,4,1,2,2022-04-10,32
2549,1904,21,2,4,1,2,2022-04-10,32
2550,1904,23,1,4,1,2,2022-04-10,32
2551,1905,14,1,3,1,2,2022-04-10,27
2552,1905,23,2,3,1,2,2022-04-10,27
2553,1905,30,2,3,1,2,2022-04-10,60
2554,1906,17,2,4,1,2,2022-04-10,68
2555,1907,18,2,3,2,,2022-04-10,47
2556,1908,14,2,2,2,,2022-04-10,44
2557,1909,5,2,6,2,,2022-04-10,43
2558,1910,12,3,3,2,,2022-04-11,67
2559,1910,21,1,3,2,,2022-04-11,67
2560,1910,27,2,3,2,,2022-04-11,95
2561,1911,9,2,2,2,,2022-04-12,71
2562,1911,21,2,2,2,,2022-04-12,71
2563,1912,11,3,3,1,3,2022-04-14,76
2564,1912,22,2,3,1,3,2022-04-14,76
2565,1913,18,2,2,1,2,2022-04-14,41
2566,1914,1,2,6,2,,2022-04-14,65
2567,1914,22,2,6,2,,2022-04-14,65
2568,1915,10,1,5,2,,2022-04-14,9
2569,1915,26,1,5,2,,2022-04-14,95
2570,1916,14,2,4,2,,2022-04-14,73
2571,1916,21,2,4,2,,2022-04-14,73
2572,1917,1,2,3,1,3,2022-04-15,49
2573,1917,21,1,3,1,3,2022-04-15,49
2574,1918,4,3,3,2,,2022-04-15,28
2575,1918,26,1,3,2,,2022-04-15,95
2576,1919,3,2,4,2,,2022-04-16,17
2577,1920,6,1,6,1,3,2022-04-16,11
2578,1921,5,2,6,2,,2022-04-16,41
2579,1922,18,1,2,2,,2022-04-16,79
2580,1922,22,1,2,2,,2022-04-16,79
2581,1922,27,2,2,2,,2022-04-16,95
2582,1923,12,1,5,2,,2022-04-16,47
2583,1923,27,1,5,2,,2022-04-16,95
2584,1924,4,2,4,2,,2022-04-17,83
2585,1924,25,1,4,2,,2022-04-17,57
2586,1924,27,1,4,2,,2022-04-17,95
2587,1925,8,1,4,1,1,2022-04-17,58
2588,1926,2,1,3,1,2,2022-04-17,39
2589,1927,11,3,6,2,,2022-04-17,66
2590,1928,5,1,2,2,,2022-04-18,41
2591,1929,6,3,6,2,,2022-04-18,49
2592,1930,9,2,1,1,2,2022-04-18,43
2593,1931,18,3,4,1,2,2022-04-18,46
2594,1932,5,3,3,1,3,2022-04-18,68
2595,1933,9,1,3,2,,2022-04-19,23
2596,1933,22,2,3,2,,2022-04-19,23
2597,1934,18,1,1,1,3,2022-04-19,19
2598,1935,3,3,3,1,1,2022-04-19,91
2599,1936,7,2,1,1,1,2022-04-19,50
2600,1937,6,2,5,1,2,2022-04-19,12
2601,1938,17,2,4,1,3,2022-04-19,7
2602,1939,12,3,1,2,,2022-04-19,69
2603,1940,8,2,5,2,,2022-04-20,14
2604,1941,9,2,6,2,,2022-04-21,72
2605,1942,8,2,1,2,,2022-04-21,7
2606,1943,7,1,2,1,1,2022-04-21,28
2607,1943,19,2,2,1,1,2022-04-21,28
2608,1944,7,2,5,2,,2022-04-21,71
2609,1945,4,2,6,1,1,2022-04-21,23
2610,1945,27,2,6,1,1,2022-04-21,95
2611,1945,27,1,6,1,1,2022-04-21,95
2612,1946,9,2,1,1,1,2022-04-22,81
2613,1947,3,3,4,1,1,2022-04-22,20
2614,1948,5,2,3,1,3,2022-04-22,57
2615,1948,20,2,3,1,3,2022-04-22,57
2616,1949,14,3,6,2,,2022-04-22,56
2617,1950,12,1,4,2,,2022-04-22,66
2618,1950,24,2,4,2,,2022-04-22,21
2619,1951,12,2,5,1,2,2022-04-22,81
2620,1952,3,1,5,1,2,2022-04-22,46
2621,1953,9,1,1,1,3,2022-04-23,84
2622,1954,17,2,3,1,2,2022-04-23,33
2623,1955,15,3,6,2,,2022-04-23,71
2624,1956,11,1,3,2,,2022-04-23,87
2625,1957,5,3,5,1,2,2022-04-23,78
2626,1958,16,1,1,2,,2022-04-24,6
2627,1958,24,1,1,2,,2022-04-24,21
2628,1959,7,2,6,1,1,2022-04-25,39
2629,1960,11,3,3,1,3,2022-04-25,47
2630,1961,7,1,4,2,,2022-04-25,41
2631,1962,8,2,2,2,,2022-04-25,14
2632,1963,1,2,4,1,3,2022-04-25,66
2633,1964,11,3,3,1,1,2022-04-25,28
2634,1964,30,1,3,1,1,2022-04-25,60
2635,1965,1,2,6,2,,2022-04-25,72
2636,1965,23,1,6,2,,2022-04-25,72
2637,1966,1,2,2,2,,2022-04-25,91
2638,1966,26,2,2,2,,2022-04-25,95
2639,1967,5,3,6,2,,2022-04-25,23
2640,1968,13,3,2,2,,2022-04-25,25
2641,1969,18,1,6,2,,2022-04-26,63
2642,1970,10,1,5,2,,2022-04-26,77
2643,1971,15,1,4,1,2,2022-04-26,48
2644,1972,12,1,1,1,3,2022-04-26,85
2645,1973,14,3,1,1,2,2022-04-26,42
2646,1974,12,1,1,2,,2022-04-26,54
2647,1975,5,2,1,2,,2022-04-26,38
2648,1976,13,1,6,2,,2022-04-27,23
2649,1977,5,2,4,1,1,2022-04-27,53
2650,1978,2,2,5,1,3,2022-04-27,1
2651,1979,10,3,6,1,2,2022-04-27,52
2652,1980,7,3,1,1,1,2022-04-28,34
2653,1981,13,1,2,1,1,2022-04-28,70
2654,1982,14,1,4,1,3,2022-04-28,50
2655,1983,8,1,3,1,1,2022-04-28,92
2656,1984,8,2,1,1,2,2022-04-29,17
2657,1984,24,1,1,1,2,2022-04-29,21
2658,1985,11,3,4,2,,2022-04-29,95
2659,1985,30,1,4,2,,2022-04-29,60
2660,1985,25,1,4,2,,2022-04-29,57
2661,1986,7,1,1,1,1,2022-04-29,15
2662,1986,29,1,1,1,1,2022-04-29,96
2663,1987,7,1,6,2,,2022-04-29,50
2664,1988,13,1,6,1,1,2022-04-29,87
2665,1989,13,3,1,1,1,2022-04-29,1
2666,1989,31,2,1,1,1,2022-04-29,35
2667,1990,2,1,6,1,3,2022-04-29,1
2668,1991,16,2,5,2,,2022-04-29,83
2669,1992,14,1,4,2,,2022-04-30,37
2670,1993,7,1,3,2,,2022-05-01,56
2671,1993,28,1,3,2,,2022-05-01,24
2672,1994,6,2,5,2,,2022-05-01,53
2673,1995,13,3,4,1,1,2022-05-01,89
2674,1996,15,1,5,1,3,2022-05-01,42
2675,1996,29,1,5,1,3,2022-05-01,96
2676,1997,18,1,6,1,2,2022-05-01,38
2677,1998,18,3,2,1,3,2022-05-01,51
2678,1999,14,1,6,2,,2022-05-02,10
2679,2000,8,1,1,2,,2022-05-02,46
2680,2001,11,2,3,1,3,2022-05-02,89
2681,2002,9,3,4,2,,2022-05-02,70
2682,2003,18,1,2,2,,2022-05-02,49
2683,2004,15,2,2,2,,2022-05-03,59
2684,2004,26,1,2,2,,2022-05-03,95
2685,2005,15,2,2,2,,2022-05-03,2
2686,2005,22,2,2,2,,2022-05-03,2
2687,2006,12,1,3,2,,2022-05-03,66
2688,2006,30,1,3,2,,2022-05-03,60
2689,2007,6,2,6,2,,2022-05-04,11
2690,2008,11,3,4,1,3,2022-05-04,62
2691,2009,9,3,6,2,,2022-05-05,34
2692,2010,5,3,3,2,,2022-05-05,38
2693,2011,8,3,4,2,,2022-05-05,21
2694,2012,1,2,6,1,2,2022-05-05,93
2695,2012,28,2,6,1,2,2022-05-05,24
2696,2013,10,2,6,1,2,2022-05-06,21
2697,2014,6,3,3,2,,2022-05-06,89
2698,2015,2,2,4,1,3,2022-05-07,95
2699,2015,27,1,4,1,3,2022-05-07,95
2700,2016,12,1,2,2,,2022-05-07,85
2701,2017,11,1,2,2,,2022-05-07,35
2702,2018,9,1,3,1,2,2022-05-07,1
2703,2019,2,1,4,2,,2022-05-08,45
2704,2020,4,1,1,2,,2022-05-08,11
2705,2021,4,3,5,2,,2022-05-09,82
2706,2021,22,2,5,2,,2022-05-09,82
2707,2021,26,1,5,2,,2022-05-09,95
2708,2022,2,3,2,1,3,2022-05-09,83
2709,2022,30,2,2,1,3,2022-05-09,60
2710,2023,8,1,1,1,2,2022-05-09,44
2711,2023,19,2,1,1,2,2022-05-09,44
2712,2024,13,1,4,2,,2022-05-09,93
2713,2024,20,2,4,2,,2022-05-09,93
2714,2025,18,3,6,1,1,2022-05-10,74
2715,2026,17,1,4,1,1,2022-05-10,96
2716,2027,15,3,6,1,2,2022-05-10,85
2717,2028,10,1,1,1,1,2022-05-10,1
2718,2029,9,2,3,1,2,2022-05-10,13
2719,2030,3,3,2,1,3,2022-05-10,63
2720,2030,23,2,2,1,3,2022-05-10,63
2721,2031,10,2,1,2,,2022-05-11,42
2722,2032,8,2,5,1,1,2022-05-11,84
2723,2033,8,1,6,2,,2022-05-11,70
2724,2034,17,1,3,1,1,2022-05-11,38
2725,2035,15,2,2,1,2,2022-05-12,4
2726,2036,6,2,1,2,,2022-05-12,69
2727,2037,1,1,2,1,3,2022-05-13,26
2728,2037,20,2,2,1,3,2022-05-13,26
2729,2038,15,3,4,1,1,2022-05-13,96
2730,2039,3,3,1,2,,2022-05-13,15
2731,2040,14,1,1,1,1,2022-05-14,11
2732,2041,16,2,4,2,,2022-05-14,18
2733,2042,17,2,6,1,3,2022-05-14,80
2734,2043,18,1,1,1,1,2022-05-14,19
2735,2044,15,2,1,2,,2022-05-14,97
2736,2044,21,1,1,2,,2022-05-14,97
2737,2045,5,2,6,1,1,2022-05-14,39
2738,2046,13,3,4,1,2,2022-05-15,23
2739,2047,12,2,4,1,3,2022-05-15,93
2740,2047,22,1,4,1,3,2022-05-15,93
2741,2048,12,1,5,2,,2022-05-15,38
2742,2049,10,3,1,1,2,2022-05-16,96
2743,2050,13,1,3,2,,2022-05-16,23
2744,2051,3,1,4,1,1,2022-05-16,48
2745,2052,13,3,5,2,,2022-05-16,31
2746,2053,4,1,6,1,2,2022-05-16,94
2747,2054,5,1,6,1,3,2022-05-16,86
2748,2055,2,1,6,2,,2022-05-16,90
2749,2056,6,1,2,2,,2022-05-17,3
2750,2057,10,2,4,2,,2022-05-17,64
2751,2058,3,1,4,2,,2022-05-17,2
2752,2059,1,2,4,2,,2022-05-17,68
2753,2059,21,1,4,2,,2022-05-17,68
2754,2059,26,2,4,2,,2022-05-17,95
2755,2060,9,1,3,2,,2022-05-18,32
2756,2061,11,1,2,1,1,2022-05-18,8
2757,2062,9,3,4,1,1,2022-05-19,37
2758,2063,11,3,2,1,3,2022-05-19,84
2759,2064,11,3,5,1,2,2022-05-19,23
2760,2064,24,1,5,1,2,2022-05-19,21
2761,2065,6,3,2,1,1,2022-05-19,28
2762,2066,8,2,1,1,2,2022-05-20,51
2763,2066,31,1,1,1,2,2022-05-20,35
2764,2067,8,2,2,1,3,2022-05-20,85
2765,2067,21,2,2,1,3,2022-05-20,85
2766,2067,20,2,2,1,3,2022-05-20,85
2767,2068,7,3,2,1,2,2022-05-21,54
2768,2068,27,1,2,1,2,2022-05-21,95
2769,2069,15,1,1,1,1,2022-05-21,56
2770,2069,23,1,1,1,1,2022-05-21,56
2771,2070,2,2,2,2,,2022-05-21,57
2772,2071,4,3,4,2,,2022-05-22,71
2773,2071,21,2,4,2,,2022-05-22,71
2774,2072,12,1,6,2,,2022-05-22,76
2775,2072,19,1,6,2,,2022-05-22,76
2776,2073,8,1,1,1,2,2022-05-23,85
2777,2074,15,2,4,2,,2022-05-23,41
2778,2075,14,2,1,1,1,2022-05-23,33
2779,2076,12,2,1,2,,2022-05-23,28
2780,2077,2,2,1,2,,2022-05-23,18
2781,2078,10,1,5,1,3,2022-05-23,80
2782,2078,22,2,5,1,3,2022-05-23,80
2783,2079,13,3,2,1,2,2022-05-24,60
2784,2080,5,1,4,2,,2022-05-24,87
2785,2081,15,3,6,1,1,2022-05-24,27
2786,2082,17,1,2,1,3,2022-05-24,29
2787,2083,11,3,6,1,1,2022-05-25,80
2788,2084,12,3,4,2,,2022-05-26,83
2789,2085,18,1,6,2,,2022-05-26,93
2790,2086,9,3,6,2,,2022-05-26,53
2791,2087,9,3,1,1,2,2022-05-26,9
2792,2087,20,2,1,1,2,2022-05-26,9
2793,2088,9,2,1,1,1,2022-05-26,51
2794,2089,13,3,4,1,3,2022-05-27,88
2795,2090,9,2,4,2,,2022-05-27,32
2796,2091,6,2,4,1,1,2022-05-27,48
2797,2092,14,1,1,1,1,2022-05-27,29
2798,2093,8,2,4,2,,2022-05-27,35
2799,2093,31,1,4,2,,2022-05-27,35
2800,2094,16,2,2,1,3,2022-05-28,16
2801,2095,18,1,2,2,,2022-05-28,79
2802,2096,4,1,6,1,2,2022-05-28,15
2803,2097,5,3,6,2,,2022-05-28,62
2804,2098,3,1,4,2,,2022-05-29,10
2805,2099,3,1,4,1,2,2022-05-30,84
2806,2100,4,3,1,2,,2022-05-30,90
2807,2100,22,2,1,2,,2022-05-30,90
2808,2100,19,1,1,2,,2022-05-30,90
2809,2101,9,2,6,2,,2022-05-31,30
2810,2102,14,2,6,1,3,2022-05-31,94
2811,2103,4,3,2,2,,2022-05-31,63
2812,2104,8,1,3,1,3,2022-05-31,63
2813,2105,18,2,1,2,,2022-06-01,67
2814,2105,28,1,1,2,,2022-06-01,24
2815,2106,17,1,4,2,,2022-06-01,6
2816,2107,8,2,2,1,2,2022-06-01,16
2817,2108,16,2,6,1,2,2022-06-02,5
2818,2109,8,3,1,1,3,2022-06-02,4
2819,2110,5,3,3,2,,2022-06-02,86
2820,2110,23,2,3,2,,2022-06-02,86
2821,2111,13,1,1,1,1,2022-06-02,95
2822,2112,9,3,4,2,,2022-06-02,64
2823,2113,9,1,3,2,,2022-06-03,61
2824,2114,11,3,3,1,3,2022-06-03,85
2825,2114,21,2,3,1,3,2022-06-03,85
2826,2114,26,1,3,1,3,2022-06-03,95
2827,2115,18,3,3,1,2,2022-06-03,25
2828,2115,22,1,3,1,2,2022-06-03,25
2829,2116,1,2,4,2,,2022-06-03,70
2830,2116,25,1,4,2,,2022-06-03,57
2831,2117,4,1,3,1,1,2022-06-03,56
2832,2117,28,1,3,1,1,2022-06-03,24
2833,2117,27,2,3,1,1,2022-06-03,95
2834,2118,16,1,5,1,1,2022-06-04,69
2835,2118,25,1,5,1,1,2022-06-04,57
2836,2119,18,2,2,1,3,2022-06-04,2
2837,2120,4,1,4,1,3,2022-06-05,38
2838,2121,9,2,5,2,,2022-06-05,9
2839,2122,4,1,2,2,,2022-06-05,4
2840,2123,4,3,1,2,,2022-06-05,61
2841,2124,2,2,6,1,1,2022-06-05,47
2842,2125,8,2,2,1,1,2022-06-06,68
2843,2126,14,2,5,2,,2022-06-06,4
2844,2127,1,2,4,2,,2022-06-06,54
2845,2128,12,3,1,2,,2022-06-06,79
2846,2129,17,2,6,1,3,2022-06-06,48
2847,2130,12,3,3,1,1,2022-06-06,29
2848,2131,7,2,4,1,1,2022-06-06,38
2849,2132,13,2,5,2,,2022-06-06,73
2850,2133,4,2,6,1,1,2022-06-07,1
2851,2134,13,1,4,1,1,2022-06-07,100
2852,2134,22,1,4,1,1,2022-06-07,100
2853,2134,29,2,4,1,1,2022-06-07,96
2854,2135,8,2,2,1,3,2022-06-08,93
2855,2135,19,1,2,1,3,2022-06-08,93
2856,2136,14,1,4,2,,2022-06-09,84
2857,2137,2,1,6,2,,2022-06-09,90
2858,2137,27,1,6,2,,2022-06-09,95
2859,2138,9,1,1,1,2,2022-06-09,28
2860,2139,2,1,3,1,1,2022-06-09,29
2861,2140,9,2,3,1,2,2022-06-09,91
2862,2141,13,3,4,1,3,2022-06-10,46
2863,2141,30,1,4,1,3,2022-06-10,60
2864,2141,26,1,4,1,3,2022-06-10,95
2865,2142,15,1,2,2,,2022-06-10,68
2866,2143,2,1,3,2,,2022-06-11,28
2867,2144,11,3,6,2,,2022-06-11,88
2868,2145,11,2,2,2,,2022-06-11,94
2869,2146,4,1,4,2,,2022-06-11,27
2870,2147,3,1,6,1,3,2022-06-11,71
2871,2148,6,1,2,1,3,2022-06-12,39
2872,2148,20,2,2,1,3,2022-06-12,39
2873,2149,11,1,6,2,,2022-06-12,69
2874,2150,3,3,5,1,3,2022-06-13,43
2875,2151,5,3,3,2,,2022-06-13,75
2876,2151,28,2,3,2,,2022-06-13,24
2877,2152,14,1,5,1,2,2022-06-13,51
2878,2153,18,2,5,1,1,2022-06-13,27
2879,2154,1,1,6,1,3,2022-06-14,12
2880,2155,8,1,2,1,3,2022-06-14,52
2881,2156,3,1,6,2,,2022-06-14,59
2882,2157,9,2,6,2,,2022-06-14,29
2883,2157,22,1,6,2,,2022-06-14,29
2884,2157,27,1,6,2,,2022-06-14,95
2885,2158,4,2,5,1,2,2022-06-15,72
2886,2158,22,1,5,1,2,2022-06-15,72
2887,2159,11,1,5,1,3,2022-06-15,67
2888,2160,12,2,6,1,2,2022-06-15,71
2889,2161,4,2,4,2,,2022-06-15,24
2890,2162,11,2,6,1,1,2022-06-16,23
2891,2163,15,2,6,2,,2022-06-16,58
2892,2164,3,3,3,1,1,2022-06-16,25
2893,2165,2,3,4,1,2,2022-06-16,4
2894,2166,15,1,6,2,,2022-06-16,1
2895,2167,1,2,3,2,,2022-06-17,10
2896,2168,18,3,2,2,,2022-06-17,81
2897,2168,28,1,2,2,,2022-06-17,24
2898,2169,16,3,2,2,,2022-06-17,40
2899,2170,5,2,4,1,2,2022-06-17,71
2900,2170,19,1,4,1,2,2022-06-17,71
2901,2171,4,1,6,1,3,2022-06-17,62
2902,2172,4,1,5,1,3,2022-06-18,91
2903,2173,18,3,5,1,2,2022-06-18,27
2904,2173,26,2,5,1,2,2022-06-18,95
2905,2174,15,3,6,1,3,2022-06-19,22
2906,2175,9,2,1,2,,2022-06-19,82
2907,2175,30,2,1,2,,2022-06-19,60
2908,2176,5,3,3,1,3,2022-06-19,17
2909,2177,4,1,4,1,1,2022-06-19,1
2910,2178,6,1,1,1,2,2022-06-20,89
2911,2179,15,3,4,1,3,2022-06-20,23
2912,2180,15,3,6,2,,2022-06-20,36
2913,2181,12,3,1,2,,2022-06-20,42
2914,2182,12,3,6,2,,2022-06-20,61
2915,2183,7,1,1,1,2,2022-06-21,90
2916,2184,5,2,3,2,,2022-06-21,83
2917,2184,23,2,3,2,,2022-06-21,83
2918,2185,12,3,1,2,,2022-06-22,45
2919,2186,15,2,1,2,,2022-06-23,43
2920,2187,10,3,2,2,,2022-06-23,39
2921,2188,13,2,2,2,,2022-06-23,64
2922,2189,6,2,2,2,,2022-06-23,1
2923,2189,19,2,2,2,,2022-06-23,1
2924,2189,28,1,2,2,,2022-06-23,24
2925,2190,17,2,5,2,,2022-06-23,76
2926,2191,4,2,6,1,1,2022-06-24,89
2927,2192,1,3,1,2,,2022-06-24,13
2928,2193,7,2,3,1,1,2022-06-25,64
2929,2194,11,1,5,2,,2022-06-25,2
2930,2194,20,2,5,2,,2022-06-25,2
2931,2195,16,3,6,2,,2022-06-25,55
2932,2196,12,3,1,2,,2022-06-25,45
2933,2196,19,1,1,2,,2022-06-25,45
2934,2197,4,1,1,2,,2022-06-26,6
2935,2198,1,2,3,2,,2022-06-26,1
2936,2199,10,1,5,2,,2022-06-26,53
2937,2200,1,1,2,1,1,2022-06-26,18
2938,2201,11,2,2,1,2,2022-06-26,45
2939,2202,5,1,3,2,,2022-06-27,91
2940,2202,21,2,3,2,,2022-06-27,91
2941,2203,13,1,5,2,,2022-06-27,82
2942,2204,11,2,3,1,3,2022-06-27,70
2943,2205,9,3,4,1,2,2022-06-27,30
2944,2206,6,1,6,1,3,2022-06-28,91
2945,2207,6,1,3,2,,2022-06-28,98
2946,2208,5,2,1,2,,2022-06-28,69
2947,2209,12,1,2,2,,2022-06-29,38
2948,2210,9,1,1,2,,2022-06-29,36
2949,2210,21,2,1,2,,2022-06-29,36
2950,2210,20,2,1,2,,2022-06-29,36
2951,2211,8,1,4,2,,2022-06-29,44
2952,2212,12,1,1,2,,2022-06-30,85
2953,2213,6,1,4,2,,2022-06-30,69
2954,2213,30,2,4,2,,2022-06-30,60
2955,2213,30,2,4,2,,2022-06-30,60
2956,2214,3,2,2,2,,2022-06-30,91
2957,2215,18,2,4,2,,2022-06-30,59
2958,2216,5,2,2,1,1,2022-06-30,31
2959,2217,13,3,3,2,,2022-07-01,75
2960,2218,3,2,2,2,,2022-07-01,8
2961,2219,2,2,6,2,,2022-07-01,5
2962,2219,20,1,6,2,,2022-07-01,5
2963,2220,8,1,6,1,3,2022-07-02,70
2964,2221,10,2,5,2,,2022-07-02,55
2965,2222,6,2,2,2,,2022-07-03,16
2966,2223,2,3,4,2,,2022-07-03,45
2967,2223,30,2,4,2,,2022-07-03,60
2968,2224,8,2,2,1,2,2022-07-03,95
2969,2224,22,2,2,1,2,2022-07-03,95
2970,2225,17,3,5,2,,2022-07-03,27
2971,2225,28,2,5,2,,2022-07-03,24
2972,2226,11,3,1,1,2,2022-07-03,94
2973,2227,13,2,3,1,3,2022-07-03,11
2974,2228,7,2,5,1,2,2022-07-03,18
2975,2229,6,1,1,1,2,2022-07-03,20
2976,2229,21,1,1,1,2,2022-07-03,20
2977,2230,2,1,2,2,,2022-07-04,89
2978,2230,20,1,2,2,,2022-07-04,89
2979,2231,8,3,5,1,3,2022-07-04,50
2980,2232,2,3,1,2,,2022-07-05,3
2981,2233,11,2,1,2,,2022-07-05,63
2982,2234,4,3,1,1,1,2022-07-05,32
2983,2235,1,3,6,2,,2022-07-05,2
2984,2236,5,2,5,1,3,2022-07-05,77
2985,2237,14,3,2,2,,2022-07-06,62
2986,2238,11,3,3,1,1,2022-07-06,77
2987,2239,2,2,5,1,1,2022-07-06,38
2988,2240,3,3,2,1,2,2022-07-06,15
2989,2241,1,3,1,2,,2022-07-06,35
2990,2241,23,2,1,2,,2022-07-06,35
2991,2241,26,2,1,2,,2022-07-06,95
2992,2242,16,3,4,2,,2022-07-06,23
2993,2242,23,1,4,2,,2022-07-06,23
2994,2243,9,3,4,2,,2022-07-06,17
2995,2244,2,2,1,1,2,2022-07-06,99
2996,2245,6,3,5,1,1,2022-07-07,95
2997,2246,5,2,5,1,1,2022-07-07,14
2998,2246,26,2,5,1,1,2022-07-07,95
2999,2247,7,2,5,1,1,2022-07-07,21
3000,2247,20,2,5,1,1,2022-07-07,21
3001,2248,17,2,3,1,3,2022-07-08,4
3002,2249,9,3,6,1,1,2022-07-08,29
3003,2249,20,1,6,1,1,2022-07-08,29
3004,2250,8,3,1,1,1,2022-07-08,18
3005,2250,22,1,1,1,1,2022-07-08,18
3006,2251,5,3,6,1,3,2022-07-08,65
3007,2251,29,1,6,1,3,2022-07-08,96
3008,2252,6,1,4,1,1,2022-07-08,42
3009,2252,28,1,4,1,1,2022-07-08,24
3010,2253,15,3,3,2,,2022-07-09,14
3011,2254,14,1,1,2,,2022-07-09,84
3012,2254,21,2,1,2,,2022-07-09,84
3013,2255,3,3,4,1,1,2022-07-09,46
3014,2255,31,1,4,1,1,2022-07-09,35
3015,2256,11,2,3,2,,2022-07-09,80
3016,2257,14,2,6,2,,2022-07-09,42
3017,2258,2,1,2,2,,2022-07-10,76
3018,2258,25,2,2,2,,2022-07-10,57
3019,2259,4,3,5,2,,2022-07-11,15
3020,2260,7,3,2,1,2,2022-07-11,41
3021,2261,11,1,1,2,,2022-07-11,91
3022,2261,22,2,1,2,,2022-07-11,91
3023,2262,17,1,6,2,,2022-07-11,64
3024,2263,8,1,4,2,,2022-07-11,59
3025,2264,18,3,2,1,1,2022-07-12,38
3026,2265,2,2,6,1,3,2022-07-12,65
3027,2266,10,1,6,1,3,2022-07-12,57
3028,2267,2,3,4,1,2,2022-07-13,8
3029,2268,17,1,2,2,,2022-07-13,42
3030,2269,13,1,1,1,2,2022-07-13,60
3031,2270,17,2,3,1,1,2022-07-13,35
3032,2270,20,1,3,1,1,2022-07-13,35
3033,2271,17,3,1,1,3,2022-07-13,19
3034,2272,4,2,3,1,2,2022-07-13,5
3035,2273,15,1,5,2,,2022-07-14,2
3036,2274,14,2,5,1,3,2022-07-15,87
3037,2275,6,2,6,2,,2022-07-15,32
3038,2276,14,2,5,2,,2022-07-15,74
3039,2277,6,1,4,2,,2022-07-15,39
3040,2278,11,1,2,1,1,2022-07-15,34
3041,2278,20,2,2,1,1,2022-07-15,34
3042,2278,29,2,2,1,1,2022-07-15,96
3043,2279,6,1,2,2,,2022-07-15,46
3044,2279,23,1,2,2,,2022-07-15,46
3045,2279,27,2,2,2,,2022-07-15,95
3046,2280,16,1,6,2,,2022-07-16,15
3047,2281,9,1,5,2,,2022-07-16,30
3048,2281,21,2,5,2,,2022-07-16,30
3049,2282,15,2,6,2,,2022-07-16,77
3050,2283,16,3,4,1,1,2022-07-17,91
3051,2284,17,2,1,2,,2022-07-17,11
3052,2284,29,2,1,2,,2022-07-17,96
3053,2285,13,2,4,2,,2022-07-17,17
3054,2286,3,3,4,1,3,2022-07-17,62
3055,2286,31,2,4,1,3,2022-07-17,35
3056,2287,7,2,1,2,,2022-07-18,27
3057,2288,4,2,5,2,,2022-07-18,69
3058,2289,18,1,5,2,,2022-07-18,21
3059,2290,3,3,2,2,,2022-07-18,25
3060,2290,27,1,2,2,,2022-07-18,95
3061,2291,18,1,3,2,,2022-07-19,9
3062,2291,28,2,3,2,,2022-07-19,24
3063,2292,2,1,5,2,,2022-07-19,16
3064,2293,15,1,4,1,3,2022-07-19,16
3065,2294,12,2,5,1,2,2022-07-19,34
3066,2295,7,1,6,2,,2022-07-20,45
3067,2295,30,1,6,2,,2022-07-20,60
3068,2296,16,1,6,1,3,2022-07-20,5
3069,2297,7,2,5,1,2,2022-07-20,35
3070,2297,23,2,5,1,2,2022-07-20,35
3071,2298,5,3,5,2,,2022-07-20,17
3072,2299,3,3,5,2,,2022-07-21,5
3073,2299,26,1,5,2,,2022-07-21,95
3074,2300,15,2,1,2,,2022-07-22,60
3075,2301,13,3,5,2,,2022-07-22,79
3076,2302,8,1,5,2,,2022-07-22,9
3077,2302,19,2,5,2,,2022-07-22,9
3078,2303,16,2,1,1,2,2022-07-22,8
3079,2304,17,1,6,1,1,2022-07-23,87
3080,2305,18,3,4,1,2,2022-07-23,69
3081,2305,22,2,4,1,2,2022-07-23,69
3082,2305,28,2,4,1,2,2022-07-23,24
3083,2306,6,3,6,1,2,2022-07-23,63
3084,2307,18,3,4,2,,2022-07-23,29
3085,2308,17,1,5,2,,2022-07-23,68
3086,2309,9,1,4,2,,2022-07-24,16
3087,2310,13,2,1,1,1,2022-07-24,91
3088,2311,3,1,1,2,,2022-07-25,25
3089,2312,11,2,1,1,1,2022-07-25,86
3090,2313,7,3,1,2,,2022-07-25,37
3091,2314,4,1,5,1,1,2022-07-25,68
3092,2314,21,1,5,1,1,2022-07-25,68
3093,2315,8,3,1,2,,2022-07-26,65
3094,2316,4,2,6,1,2,2022-07-26,1
3095,2317,12,3,2,2,,2022-07-26,48
3096,2317,29,2,2,2,,2022-07-26,96
3097,2318,12,3,1,2,,2022-07-26,85
3098,2319,10,2,5,2,,2022-07-27,70
3099,2320,14,3,5,1,3,2022-07-27,18
3100,2321,16,2,2,1,1,2022-07-27,78
3101,2322,10,3,1,1,3,2022-07-27,45
3102,2322,21,2,1,1,3,2022-07-27,45
3103,2322,30,1,1,1,3,2022-07-27,60
3104,2323,18,1,5,1,3,2022-07-27,19
3105,2324,5,2,2,2,,2022-07-27,36
3106,2324,20,1,2,2,,2022-07-27,36
3107,2325,2,3,5,1,3,2022-07-28,66
3108,2326,10,1,4,2,,2022-07-28,67
3109,2327,12,2,5,1,3,2022-07-28,86
3110,2328,7,1,3,2,,2022-07-28,41
3111,2328,23,1,3,2,,2022-07-28,41
3112,2329,6,3,4,1,2,2022-07-28,91
3113,2329,29,2,4,1,2,2022-07-28,96
3114,2330,13,2,1,1,1,2022-07-29,36
3115,2331,17,3,3,1,1,2022-07-29,63
3116,2332,9,1,4,1,1,2022-07-29,12
3117,2333,9,3,5,1,2,2022-07-30,71
3118,2333,30,2,5,1,2,2022-07-30,60
3119,2334,8,2,5,1,2,2022-07-30,100
3120,2335,3,3,4,2,,2022-07-30,8
3121,2335,22,1,4,2,,2022-07-30,8
3122,2336,1,3,6,1,2,2022-07-30,75
3123,2336,21,2,6,1,2,2022-07-30,75
3124,2337,14,3,5,1,2,2022-07-30,6
3125,2338,1,3,3,1,3,2022-07-30,23
3126,2339,14,1,6,2,,2022-07-30,21
3127,2340,6,1,3,1,3,2022-07-30,9
3128,2340,30,2,3,1,3,2022-07-30,60
3129,2341,8,1,3,1,2,2022-07-30,40
3130,2342,2,2,2,2,,2022-07-30,3
3131,2343,9,1,5,2,,2022-07-30,40
3132,2344,2,3,6,2,,2022-07-30,4
3133,2344,21,2,6,2,,2022-07-30,4
3134,2345,3,2,6,2,,2022-07-30,9
3135,2345,30,2,6,2,,2022-07-30,60
3136,2346,5,3,4,2,,2022-07-31,51
3137,2347,16,3,2,2,,2022-07-31,98
3138,2348,6,1,2,2,,2022-07-31,74
3139,2349,2,2,3,1,1,2022-07-31,69
3140,2350,10,2,4,2,,2022-08-01,62
3141,2351,15,2,1,1,3,2022-08-01,35
3142,2352,11,2,6,1,1,2022-08-01,87
3143,2352,31,1,6,1,1,2022-08-01,35
3144,2353,17,2,4,2,,2022-08-01,57
3145,2353,31,1,4,2,,2022-08-01,35
3146,2354,10,2,5,2,,2022-08-01,85
3147,2354,23,1,5,2,,2022-08-01,85
3148,2354,29,2,5,2,,2022-08-01,96
3149,2355,16,1,1,1,2,2022-08-01,58
3150,2356,7,1,4,1,3,2022-08-01,59
3151,2357,15,1,5,2,,2022-08-01,17
3152,2357,28,2,5,2,,2022-08-01,24
3153,2358,14,1,5,1,2,2022-08-02,18
3154,2359,14,3,3,2,,2022-08-02,40
3155,2360,4,3,5,2,,2022-08-02,75
3156,2361,6,1,5,1,3,2022-08-02,9
3157,2361,29,1,5,1,3,2022-08-02,96
3158,2362,18,3,1,2,,2022-08-02,45
3159,2362,23,2,1,2,,2022-08-02,45
3160,2363,2,1,6,2,,2022-08-02,49
3161,2364,18,2,5,1,1,2022-08-03,12
3162,2365,15,2,4,2,,2022-08-03,23
3163,2365,25,2,4,2,,2022-08-03,57
3164,2366,12,3,4,1,2,2022-08-03,19
3165,2367,1,1,3,2,,2022-08-03,7
3166,2368,18,3,1,2,,2022-08-03,67
3167,2368,19,1,1,2,,2022-08-03,67
3168,2369,7,3,4,2,,2022-08-03,54
3169,2370,7,1,2,2,,2022-08-03,62
3170,2370,27,1,2,2,,2022-08-03,95
3171,2371,10,1,1,1,1,2022-08-04,1
3172,2372,7,3,1,2,,2022-08-04,27
3173,2373,1,1,5,1,3,2022-08-04,10
3174,2374,8,1,1,1,2,2022-08-04,55
3175,2375,15,3,5,2,,2022-08-04,28
3176,2375,21,2,5,2,,2022-08-04,28
3177,2376,12,2,5,1,1,2022-08-04,19
3178,2377,14,1,2,1,3,2022-08-05,14
3179,2378,17,3,6,1,2,2022-08-05,81
3180,2379,18,2,1,2,,2022-08-05,52
3181,2379,26,2,1,2,,2022-08-05,95
3182,2380,12,3,2,1,1,2022-08-06,61
3183,2380,25,2,2,1,1,2022-08-06,57
3184,2381,14,1,6,2,,2022-08-06,46
3185,2382,9,3,2,1,3,2022-08-06,47
3186,2383,4,3,2,1,3,2022-08-07,84
3187,2384,2,3,1,1,1,2022-08-07,87
3188,2385,5,3,4,2,,2022-08-07,53
3189,2386,7,3,5,2,,2022-08-07,79
3190,2387,12,3,2,2,,2022-08-07,34
3191,2388,16,3,4,2,,2022-08-08,60
3192,2389,15,2,3,1,1,2022-08-08,68
3193,2390,11,3,6,1,2,2022-08-08,88
3194,2391,4,1,5,2,,2022-08-08,40
3195,2392,5,3,4,1,1,2022-08-08,35
3196,2392,26,2,4,1,1,2022-08-08,95
3197,2393,7,2,3,1,3,2022-08-08,17
3198,2394,3,3,1,2,,2022-08-08,98
3199,2395,16,2,6,1,1,2022-08-08,94
3200,2396,4,1,4,1,3,2022-08-09,15
3201,2397,4,1,2,1,3,2022-08-09,19
3202,2398,17,2,3,1,1,2022-08-09,34
3203,2399,6,2,3,1,2,2022-08-09,73
3204,2400,14,1,6,2,,2022-08-10,62
3205,2401,10,3,2,1,1,2022-08-10,6
3206,2402,11,2,4,1,2,2022-08-10,5
3207,2403,6,1,3,2,,2022-08-10,36
3208,2403,20,1,3,2,,2022-08-10,36
3209,2403,30,1,3,2,,2022-08-10,60
3210,2404,15,2,6,1,3,2022-08-10,51
3211,2404,25,2,6,1,3,2022-08-10,57
3212,2405,8,2,5,2,,2022-08-10,15
3213,2406,8,2,3,2,,2022-08-11,6
3214,2407,5,1,5,1,2,2022-08-11,81
3215,2408,6,2,3,2,,2022-08-11,94
3216,2409,13,2,4,1,1,2022-08-12,70
3217,2410,14,2,3,2,,2022-08-12,75
3218,2411,13,2,6,1,1,2022-08-12,14
3219,2412,4,1,4,2,,2022-08-12,47
3220,2413,12,3,1,2,,2022-08-13,51
3221,2413,27,2,1,2,,2022-08-13,95
3222,2414,16,2,1,1,1,2022-08-13,57
3223,2415,3,3,3,2,,2022-08-14,34
3224,2416,17,1,3,2,,2022-08-14,62
3225,2417,13,2,5,2,,2022-08-14,46
3226,2418,17,3,3,2,,2022-08-14,32
3227,2418,27,1,3,2,,2022-08-14,95
3228,2419,1,1,2,2,,2022-08-14,76
3229,2420,13,1,3,1,1,2022-08-14,60
3230,2421,17,2,2,2,,2022-08-15,57
3231,2422,17,2,4,1,2,2022-08-15,94
3232,2422,26,2,4,1,2,2022-08-15,95
3233,2423,8,3,1,2,,2022-08-15,81
3234,2424,8,2,3,2,,2022-08-15,16
3235,2425,3,1,5,1,3,2022-08-15,11
3236,2426,7,1,6,1,1,2022-08-15,55
3237,2427,9,1,5,1,2,2022-08-16,57
3238,2428,8,3,2,2,,2022-08-17,91
3239,2428,24,1,2,2,,2022-08-17,21
3240,2429,5,3,3,1,1,2022-08-17,74
3241,2430,8,3,3,1,2,2022-08-17,66
3242,2430,25,2,3,1,2,2022-08-17,57
3243,2431,12,1,1,2,,2022-08-18,4
3244,2432,10,2,2,2,,2022-08-18,57
3245,2433,12,2,4,2,,2022-08-18,55
3246,2434,5,2,2,2,,2022-08-18,83
3247,2435,7,3,1,2,,2022-08-18,16
3248,2436,1,3,3,2,,2022-08-19,19
3249,2436,26,2,3,2,,2022-08-19,95
3250,2437,16,2,5,2,,2022-08-19,10
3251,2437,23,1,5,2,,2022-08-19,10
3252,2438,2,1,3,2,,2022-08-19,17
3253,2439,1,3,4,2,,2022-08-19,56
3254,2440,10,3,2,1,3,2022-08-19,46
3255,2441,3,1,6,2,,2022-08-19,35
3256,2442,17,1,6,2,,2022-08-20,41
3257,2443,9,1,5,1,2,2022-08-20,20
3258,2444,8,1,2,1,1,2022-08-20,11
3259,2445,10,1,5,2,,2022-08-20,98
3260,2446,17,1,2,2,,2022-08-20,80
3261,2446,28,1,2,2,,2022-08-20,24
3262,2447,1,3,3,2,,2022-08-20,58
3263,2448,2,1,3,1,3,2022-08-21,24
3264,2449,17,3,2,1,1,2022-08-21,16
3265,2449,21,1,2,1,1,2022-08-21,16
3266,2450,17,1,4,1,2,2022-08-21,53
3267,2451,6,2,6,2,,2022-08-22,3
3268,2452,1,3,2,2,,2022-08-22,12
3269,2452,26,2,2,2,,2022-08-22,95
3270,2453,6,3,1,1,3,2022-08-23,69
3271,2454,11,3,2,1,1,2022-08-23,98
3272,2454,20,1,2,1,1,2022-08-23,98
3273,2454,28,2,2,1,1,2022-08-23,24
3274,2454,27,1,2,1,1,2022-08-23,95
3275,2455,17,3,3,1,1,2022-08-23,26
3276,2456,16,1,1,2,,2022-08-23,45
3277,2457,15,3,2,1,2,2022-08-23,8
3278,2458,11,3,5,1,3,2022-08-23,89
3279,2459,6,3,3,2,,2022-08-23,41
3280,2460,7,1,6,2,,2022-08-23,67
3281,2460,31,2,6,2,,2022-08-23,35
3282,2461,6,3,3,1,1,2022-08-24,10
3283,2462,1,3,5,1,3,2022-08-24,70
3284,2463,6,1,2,1,3,2022-08-24,56
3285,2463,26,1,2,1,3,2022-08-24,95
3286,2464,3,3,6,2,,2022-08-24,64
3287,2465,13,2,5,2,,2022-08-24,12
3288,2465,30,2,5,2,,2022-08-24,60
3289,2465,24,2,5,2,,2022-08-24,21
3290,2466,15,3,4,1,3,2022-08-24,23
3291,2466,22,1,4,1,3,2022-08-24,23
3292,2466,25,1,4,1,3,2022-08-24,57
3293,2467,18,3,3,2,,2022-08-24,82
3294,2468,9,3,3,1,1,2022-08-25,39
3295,2468,23,1,3,1,1,2022-08-25,39
3296,2469,3,2,2,1,1,2022-08-25,80
3297,2470,11,2,6,1,3,2022-08-25,10
3298,2471,6,2,3,1,1,2022-08-26,54
3299,2472,3,1,3,1,1,2022-08-26,21
3300,2472,31,2,3,1,1,2022-08-26,35
3301,2473,6,2,2,2,,2022-08-26,17
3302,2474,16,1,4,2,,2022-08-26,45
3303,2475,6,1,6,1,1,2022-08-26,94
3304,2475,25,2,6,1,1,2022-08-26,57
3305,2475,31,2,6,1,1,2022-08-26,35
3306,2475,25,2,6,1,1,2022-08-26,57
3307,2476,16,2,1,1,2,2022-08-26,23
3308,2477,5,2,3,1,1,2022-08-26,97
3309,2477,20,2,3,1,1,2022-08-26,97
3310,2477,28,2,3,1,1,2022-08-26,24
3311,2478,5,1,6,1,1,2022-08-27,46
3312,2479,10,1,4,1,2,2022-08-27,56
3313,2480,9,2,3,1,1,2022-08-27,95
3314,2481,13,1,4,1,1,2022-08-27,27
3315,2482,10,1,5,2,,2022-08-28,46
3316,2483,13,1,4,1,1,2022-08-28,42
3317,2484,16,3,6,2,,2022-08-28,88
3318,2485,10,1,5,2,,2022-08-28,81
3319,2485,26,2,5,2,,2022-08-28,95
3320,2486,12,1,3,1,3,2022-08-28,37
3321,2487,16,3,1,1,3,2022-08-29,2
3322,2488,13,1,2,1,3,2022-08-29,1
3323,2489,15,3,5,2,,2022-08-29,49
3324,2490,8,3,3,2,,2022-08-29,74
3325,2491,7,3,6,2,,2022-08-29,77
3326,2491,27,2,6,2,,2022-08-29,95
3327,2492,6,3,1,2,,2022-08-29,70
3328,2493,17,1,4,2,,2022-08-29,98
3329,2494,10,2,6,2,,2022-08-30,31
3330,2495,16,1,2,1,2,2022-08-30,29
3331,2496,9,3,3,2,,2022-08-31,39
3332,2497,10,3,2,2,,2022-08-31,57
3333,2498,1,3,4,1,1,2022-09-01,39
3334,2499,16,2,6,1,3,2022-09-01,79
3335,2499,24,1,6,1,3,2022-09-01,21
3336,2500,14,1,5,2,,2022-09-01,68
3337,2501,6,1,6,2,,2022-09-02,73
3338,2502,2,3,1,1,3,2022-09-03,24
3339,2503,15,1,3,1,3,2022-09-03,95
3340,2504,4,1,2,2,,2022-09-03,40
3341,2505,2,2,2,2,,2022-09-03,33
3342,2506,13,1,5,2,,2022-09-03,83
3343,2506,22,2,5,2,,2022-09-03,83
3344,2507,3,2,5,2,,2022-09-04,44
3345,2508,7,1,3,2,,2022-09-04,67
3346,2509,12,1,5,2,,2022-09-04,80
3347,2510,11,2,4,1,1,2022-09-04,62
3348,2511,2,3,3,2,,2022-09-04,79
3349,2512,10,3,5,2,,2022-09-05,25
3350,2512,22,1,5,2,,2022-09-05,25
3351,2513,5,1,2,1,1,2022-09-06,58
3352,2514,9,3,6,2,,2022-09-06,14
3353,2515,17,2,2,2,,2022-09-06,57
3354,2516,16,1,5,2,,2022-09-06,37
3355,2517,4,3,5,2,,2022-09-06,34
3356,2518,18,2,6,1,3,2022-09-06,72
3357,2518,22,1,6,1,3,2022-09-06,72
3358,2519,14,3,6,2,,2022-09-07,66
3359,2520,4,1,1,2,,2022-09-07,68
3360,2521,6,3,6,1,2,2022-09-07,58
3361,2522,6,3,1,2,,2022-09-08,18
3362,2523,15,3,6,2,,2022-09-08,68
3363,2524,13,2,6,2,,2022-09-08,31
3364,2525,18,3,6,1,1,2022-09-08,36
3365,2526,13,2,4,1,3,2022-09-08,70
3366,2527,16,1,1,2,,2022-09-09,29
3367,2527,30,2,1,2,,2022-09-09,60
3368,2528,3,2,5,2,,2022-09-09,71
3369,2529,15,1,1,1,1,2022-09-09,6
3370,2529,29,1,1,1,1,2022-09-09,96
3371,2530,1,2,1,1,1,2022-09-09,4
3372,2531,12,1,1,2,,2022-09-09,16
3373,2532,13,2,5,1,2,2022-09-09,27
3374,2533,8,2,5,2,,2022-09-10,39
3375,2533,30,2,5,2,,2022-09-10,60
3376,2533,30,1,5,2,,2022-09-10,60
3377,2534,11,3,3,2,,2022-09-10,65
3378,2535,17,2,4,1,2,2022-09-10,41
3379,2536,3,2,6,2,,2022-09-10,68
3380,2536,20,2,6,2,,2022-09-10,68
3381,2536,31,1,6,2,,2022-09-10,35
3382,2537,5,2,6,2,,2022-09-10,52
3383,2538,10,2,5,2,,2022-09-10,89
3384,2539,8,2,6,1,2,2022-09-11,9
3385,2540,1,3,5,1,2,2022-09-11,100
3386,2541,3,3,1,1,1,2022-09-11,18
3387,2541,29,1,1,1,1,2022-09-11,96
3388,2542,12,2,2,2,,2022-09-11,100
3389,2542,22,1,2,2,,2022-09-11,100
3390,2543,7,1,2,1,2,2022-09-11,51
3391,2543,31,1,2,1,2,2022-09-11,35
3392,2544,11,1,4,2,,2022-09-12,77
3393,2544,20,1,4,2,,2022-09-12,77
3394,2544,27,2,4,2,,2022-09-12,95
3395,2545,7,3,2,1,1,2022-09-12,65
3396,2545,20,1,2,1,1,2022-09-12,65
3397,2546,4,2,2,1,2,2022-09-12,33
3398,2546,19,2,2,1,2,2022-09-12,33
3399,2546,23,1,2,1,2,2022-09-12,33
3400,2547,12,3,1,2,,2022-09-12,26
3401,2547,20,2,1,2,,2022-09-12,26
3402,2548,2,3,2,1,3,2022-09-12,54
3403,2549,9,2,2,1,2,2022-09-13,59
3404,2550,9,3,2,2,,2022-09-13,16
3405,2551,4,1,2,2,,2022-09-13,80
3406,2552,4,2,5,2,,2022-09-13,27
3407,2552,31,2,5,2,,2022-09-13,35
3408,2553,1,3,5,1,3,2022-09-14,30
3409,2553,20,1,5,1,3,2022-09-14,30
3410,2554,10,2,3,2,,2022-09-14,75
3411,2554,24,1,3,2,,2022-09-14,21
3412,2554,28,1,3,2,,2022-09-14,24
3413,2555,11,2,1,2,,2022-09-14,86
3414,2555,19,1,1,2,,2022-09-14,86
3415,2555,29,2,1,2,,2022-09-14,96
3416,2556,6,2,4,2,,2022-09-14,49
3417,2557,16,2,4,1,3,2022-09-15,31
3418,2557,20,2,4,1,3,2022-09-15,31
3419,2558,3,3,6,1,3,2022-09-15,47
3420,2559,18,1,2,2,,2022-09-15,93
3421,2559,29,2,2,2,,2022-09-15,96
3422,2560,4,3,3,2,,2022-09-15,59
3423,2561,8,3,6,2,,2022-09-15,96
3424,2561,20,2,6,2,,2022-09-15,96
3425,2561,30,1,6,2,,2022-09-15,60
3426,2562,9,1,5,2,,2022-09-15,53
3427,2562,26,2,5,2,,2022-09-15,95
3428,2563,12,1,3,2,,2022-09-15,22
3429,2563,19,1,3,2,,2022-09-15,22
3430,2563,31,2,3,2,,2022-09-15,35
3431,2564,14,2,3,1,1,2022-09-16,20
3432,2564,20,2,3,1,1,2022-09-16,20
3433,2565,10,2,2,1,3,2022-09-16,4
3434,2566,10,2,6,2,,2022-09-16,50
3435,2567,14,1,3,1,1,2022-09-16,16
3436,2568,8,2,2,1,3,2022-09-17,85
3437,2569,6,1,4,1,2,2022-09-17,87
3438,2570,13,3,4,2,,2022-09-17,14
3439,2571,9,2,3,2,,2022-09-17,81
3440,2572,18,2,3,1,1,2022-09-18,56
3441,2573,4,3,1,2,,2022-09-18,82
3442,2573,26,1,1,2,,2022-09-18,95
3443,2574,3,1,4,1,1,2022-09-18,45
3444,2575,5,3,3,1,1,2022-09-18,79
3445,2576,12,1,1,2,,2022-09-19,80
3446,2577,18,2,5,1,1,2022-09-19,70
3447,2578,5,3,6,2,,2022-09-20,90
3448,2579,7,3,3,1,2,2022-09-20,43
3449,2580,14,1,1,1,2,2022-09-20,85
3450,2581,3,1,2,2,,2022-09-21,93
3451,2582,5,3,4,2,,2022-09-22,52
3452,2582,26,1,4,2,,2022-09-22,95
3453,2582,28,2,4,2,,2022-09-22,24
3454,2582,27,2,4,2,,2022-09-22,95
3455,2583,18,1,2,2,,2022-09-22,90
3456,2584,9,3,4,1,1,2022-09-22,29
3457,2585,6,3,3,1,1,2022-09-22,15
3458,2585,30,1,3,1,1,2022-09-22,60
3459,2586,3,1,5,1,2,2022-09-23,73
3460,2587,16,1,4,2,,2022-09-23,39
3461,2588,14,3,4,2,,2022-09-24,75
3462,2589,6,1,3,2,,2022-09-25,10
3463,2589,19,2,3,2,,2022-09-25,10
3464,2590,3,1,3,1,1,2022-09-25,52
3465,2591,10,3,6,1,1,2022-09-26,24
3466,2592,18,1,4,1,1,2022-09-26,10
3467,2592,29,1,4,1,1,2022-09-26,96
3468,2593,10,3,2,1,3,2022-09-27,41
3469,2594,18,1,4,1,1,2022-09-27,84
3470,2594,21,1,4,1,1,2022-09-27,84
3471,2595,8,1,2,1,2,2022-09-27,79
3472,2596,5,3,1,2,,2022-09-28,34
3473,2597,15,3,2,1,1,2022-09-28,18
3474,2598,10,1,5,2,,2022-09-28,23
3475,2599,11,1,4,2,,2022-09-28,16
3476,2600,2,1,2,2,,2022-09-28,44
3477,2601,18,1,4,1,1,2022-09-28,3
3478,2602,2,2,3,1,1,2022-09-28,92
3479,2602,29,1,3,1,1,2022-09-28,96
3480,2603,1,1,5,1,3,2022-09-28,66
3481,2604,11,2,2,2,,2022-09-29,86
3482,2605,4,2,6,2,,2022-09-29,55
3483,2606,17,3,4,2,,2022-09-30,100
3484,2607,14,3,3,2,,2022-09-30,69
3485,2608,11,1,2,2,,2022-09-30,42
3486,2609,13,1,4,2,,2022-09-30,69
3487,2610,15,2,3,1,1,2022-09-30,42
3488,2611,15,3,5,1,1,2022-10-01,37
3489,2611,26,2,5,1,1,2022-10-01,95
3490,2612,15,1,2,2,,2022-10-01,45
3491,2612,22,2,2,2,,2022-10-01,45
3492,2613,2,3,6,1,1,2022-10-01,45
3493,2614,5,3,3,2,,2022-10-02,51
3494,2614,22,1,3,2,,2022-10-02,51
3495,2615,14,1,1,2,,2022-10-02,36
3496,2616,9,3,5,2,,2022-10-02,76
3497,2617,8,1,1,2,,2022-10-02,50
3498,2618,10,2,6,1,2,2022-10-02,72
3499,2619,9,2,1,1,1,2022-10-02,98
3500,2619,26,1,1,1,1,2022-10-02,95
3501,2620,6,1,3,2,,2022-10-03,87
3502,2620,20,2,3,2,,2022-10-03,87
3503,2621,1,3,2,1,2,2022-10-03,85
3504,2622,4,3,3,1,2,2022-10-03,17
3505,2623,3,1,5,1,3,2022-10-04,15
3506,2624,18,2,1,2,,2022-10-04,67
3507,2625,12,1,1,1,1,2022-10-04,20
3508,2626,13,1,2,2,,2022-10-04,100
3509,2627,14,2,5,1,1,2022-10-04,29
3510,2628,18,2,2,1,3,2022-10-04,67
3511,2628,23,1,2,1,3,2022-10-04,67
3512,2628,28,2,2,1,3,2022-10-04,24
3513,2629,14,2,1,1,1,2022-10-04,35
3514,2630,14,2,1,1,2,2022-10-04,36
3515,2630,30,1,1,1,2,2022-10-04,60
3516,2631,14,3,6,2,,2022-10-05,58
3517,2632,16,2,5,2,,2022-10-05,23
3518,2632,23,2,5,2,,2022-10-05,23
3519,2633,2,3,2,1,1,2022-10-05,95
3520,2633,29,2,2,1,1,2022-10-05,96
3521,2633,29,1,2,1,1,2022-10-05,96
3522,2634,1,3,4,2,,2022-10-05,83
3523,2635,9,2,6,1,1,2022-10-05,48
3524,2636,7,3,3,2,,2022-10-05,73
3525,2637,14,3,2,2,,2022-10-05,51
3526,2638,15,3,2,1,1,2022-10-05,22
3527,2639,13,3,3,2,,2022-10-05,66
3528,2640,12,2,6,1,2,2022-10-06,27
3529,2641,13,1,4,2,,2022-10-06,64
3530,2641,24,2,4,2,,2022-10-06,21
3531,2642,6,3,5,1,3,2022-10-06,33
3532,2642,31,1,5,1,3,2022-10-06,35
3533,2643,7,2,2,1,3,2022-10-06,44
3534,2644,12,2,2,2,,2022-10-06,47
3535,2644,29,2,2,2,,2022-10-06,96
3536,2645,10,3,1,2,,2022-10-06,35
3537,2646,12,2,4,2,,2022-10-07,38
3538,2647,14,1,5,1,2,2022-10-07,66
3539,2648,11,2,2,1,1,2022-10-07,50
3540,2649,15,3,1,2,,2022-10-07,72
3541,2650,14,3,3,1,3,2022-10-07,60
3542,2651,12,3,4,2,,2022-10-07,5
3543,2652,10,2,5,1,1,2022-10-08,69
3544,2653,1,2,3,2,,2022-10-08,54
3545,2653,19,1,3,2,,2022-10-08,54
3546,2654,10,1,4,1,1,2022-10-08,43
3547,2655,5,1,4,1,2,2022-10-08,64
3548,2656,5,2,2,2,,2022-10-08,60
3549,2657,18,2,5,1,3,2022-10-08,76
3550,2657,19,2,5,1,3,2022-10-08,76
3551,2658,2,2,3,1,3,2022-10-08,81
3552,2658,23,1,3,1,3,2022-10-08,81
3553,2659,13,3,4,2,,2022-10-10,56
3554,2660,7,3,3,1,3,2022-10-10,27
3555,2661,13,1,3,2,,2022-10-10,31
3556,2662,12,3,5,2,,2022-10-11,87
3557,2662,31,1,5,2,,2022-10-11,35
3558,2663,17,3,1,1,1,2022-10-11,67
3559,2664,15,3,1,1,1,2022-10-11,35
3560,2664,22,2,1,1,1,2022-10-11,35
3561,2665,13,1,6,1,2,2022-10-12,19
3562,2665,25,2,6,1,2,2022-10-12,57
3563,2666,16,2,4,2,,2022-10-12,70
3564,2667,6,3,6,1,1,2022-10-12,77
3565,2668,10,2,1,2,,2022-10-12,5
3566,2669,15,2,1,2,,2022-10-12,27
3567,2670,10,3,4,2,,2022-10-12,34
3568,2671,10,3,1,1,1,2022-10-12,87
3569,2672,2,2,3,1,1,2022-10-12,20
3570,2672,22,2,3,1,1,2022-10-12,20
3571,2672,27,1,3,1,1,2022-10-12,95
3572,2673,7,1,5,1,1,2022-10-13,52
3573,2674,16,3,4,2,,2022-10-13,59
3574,2675,8,3,6,2,,2022-10-13,7
3575,2676,5,1,5,2,,2022-10-13,75
3576,2677,16,2,2,1,3,2022-10-13,29
3577,2678,10,1,2,2,,2022-10-14,3
3578,2678,20,2,2,2,,2022-10-14,3
3579,2679,16,1,6,1,3,2022-10-14,12
3580,2680,18,2,1,2,,2022-10-14,43
3581,2680,21,2,1,2,,2022-10-14,43
3582,2681,18,2,2,2,,2022-10-14,57
3583,2682,15,2,4,1,3,2022-10-14,14
3584,2683,7,3,2,2,,2022-10-14,27
3585,2684,5,1,6,2,,2022-10-14,70
3586,2685,10,2,5,2,,2022-10-14,3
3587,2686,2,1,3,2,,2022-10-14,60
3588,2686,27,2,3,2,,2022-10-14,95
3589,2686,25,2,3,2,,2022-10-14,57
3590,2687,14,1,1,1,1,2022-10-15,37
3591,2688,2,1,2,2,,2022-10-16,75
3592,2689,14,1,5,1,2,2022-10-16,38
3593,2689,31,2,5,1,2,2022-10-16,35
3594,2690,7,2,6,2,,2022-10-17,6
3595,2691,4,2,3,2,,2022-10-17,75
3596,2692,10,1,2,1,2,2022-10-17,88
3597,2693,1,1,2,2,,2022-10-18,31
3598,2694,17,3,6,1,1,2022-10-18,64
3599,2694,24,2,6,1,1,2022-10-18,21
3600,2695,1,2,1,1,2,2022-10-18,35
3601,2695,29,2,1,1,2,2022-10-18,96
3602,2696,17,3,1,1,2,2022-10-18,71
3603,2696,23,1,1,1,2,2022-10-18,71
3604,2696,21,1,1,1,2,2022-10-18,71
3605,2697,2,1,1,1,3,2022-10-18,88
3606,2697,30,1,1,1,3,2022-10-18,60
3607,2698,6,1,5,2,,2022-10-19,22
3608,2699,7,3,2,2,,2022-10-19,71
3609,2699,21,1,2,2,,2022-10-19,71
3610,2699,30,2,2,2,,2022-10-19,60
3611,2700,2,2,5,2,,2022-10-19,27
3612,2701,18,2,6,2,,2022-10-19,92
3613,2701,21,2,6,2,,2022-10-19,92
3614,2702,4,1,3,2,,2022-10-19,64
3615,2703,9,2,6,2,,2022-10-20,20
3616,2704,8,3,4,1,3,2022-10-20,42
3617,2705,13,1,6,2,,2022-10-20,59
3618,2706,13,1,4,1,2,2022-10-21,89
3619,2706,27,1,4,1,2,2022-10-21,95
3620,2707,4,3,3,2,,2022-10-21,3
3621,2708,5,3,1,2,,2022-10-21,39
3622,2709,7,1,2,1,2,2022-10-21,53
3623,2710,1,3,2,1,1,2022-10-21,43
3624,2711,5,2,6,1,1,2022-10-21,73
3625,2712,1,1,1,2,,2022-10-21,32
3626,2713,5,3,3,2,,2022-10-21,71
3627,2714,18,2,4,2,,2022-10-21,51
3628,2715,7,1,3,2,,2022-10-22,21
3629,2716,14,1,3,2,,2022-10-23,3
3630,2717,6,1,3,1,1,2022-10-23,61
3631,2718,18,3,3,2,,2022-10-24,84
3632,2719,12,1,4,1,2,2022-10-24,56
3633,2720,11,3,6,2,,2022-10-24,39
3634,2721,15,1,5,2,,2022-10-24,50
3635,2722,5,1,3,1,3,2022-10-24,39
3636,2723,13,3,6,2,,2022-10-24,35
3637,2724,11,1,2,1,3,2022-10-24,70
3638,2724,22,1,2,1,3,2022-10-24,70
3639,2725,16,3,5,1,2,2022-10-25,43
3640,2725,19,2,5,1,2,2022-10-25,43
3641,2726,10,1,4,1,1,2022-10-25,26
3642,2726,31,1,4,1,1,2022-10-25,35
3643,2727,5,2,4,1,3,2022-10-25,57
3644,2727,29,1,4,1,3,2022-10-25,96
3645,2728,13,2,6,2,,2022-10-25,78
3646,2729,4,3,5,1,1,2022-10-26,76
3647,2729,26,1,5,1,1,2022-10-26,95
3648,2730,18,3,2,1,2,2022-10-26,80
3649,2731,7,2,5,2,,2022-10-26,61
3650,2731,19,2,5,2,,2022-10-26,61
3651,2732,3,2,6,1,1,2022-10-26,40
3652,2732,26,2,6,1,1,2022-10-26,95
3653,2733,16,3,2,2,,2022-10-26,87
3654,2734,16,3,3,2,,2022-10-27,2
3655,2734,28,1,3,2,,2022-10-27,24
3656,2735,2,3,3,1,3,2022-10-27,59
3657,2735,22,1,3,1,3,2022-10-27,59
3658,2736,14,2,6,2,,2022-10-27,47
3659,2737,16,1,3,1,1,2022-10-28,73
3660,2738,2,2,3,2,,2022-10-28,23
3661,2739,15,3,2,2,,2022-10-28,67
3662,2740,17,2,2,2,,2022-10-28,60
3663,2741,3,2,2,1,2,2022-10-28,53
3664,2742,17,1,1,1,3,2022-10-28,11
3665,2742,25,1,1,1,3,2022-10-28,57
3666,2743,17,3,1,2,,2022-10-28,52
3667,2744,17,2,5,2,,2022-10-29,67
3668,2745,17,1,3,2,,2022-10-29,5
3669,2746,11,3,5,1,3,2022-10-29,8
3670,2746,24,1,5,1,3,2022-10-29,21
3671,2747,7,1,4,1,3,2022-10-30,58
3672,2748,16,2,1,2,,2022-10-30,2
3673,2748,24,1,1,2,,2022-10-30,21
3674,2749,10,3,5,2,,2022-10-30,27
3675,2750,14,1,3,1,3,2022-10-30,13
3676,2751,16,1,4,1,1,2022-10-30,99
3677,2752,8,2,5,1,3,2022-10-31,74
3678,2752,28,1,5,1,3,2022-10-31,24
3679,2753,7,3,2,1,3,2022-10-31,31
3680,2754,7,2,4,2,,2022-10-31,2
3681,2755,14,1,6,1,3,2022-10-31,84
3682,2756,2,1,6,1,1,2022-11-01,71
3683,2757,15,2,5,1,3,2022-11-01,4
3684,2757,30,2,5,1,3,2022-11-01,60
3685,2758,7,2,4,1,1,2022-11-01,98
3686,2759,6,1,2,2,,2022-11-01,25
3687,2759,23,1,2,2,,2022-11-01,25
3688,2760,14,3,1,2,,2022-11-02,71
3689,2760,25,2,1,2,,2022-11-02,57
3690,2761,16,3,3,1,3,2022-11-02,79
3691,2762,16,3,3,1,2,2022-11-02,8
3692,2763,4,1,6,2,,2022-11-02,89
3693,2764,16,2,1,1,1,2022-11-02,37
3694,2765,16,3,4,1,3,2022-11-03,40
3695,2766,1,3,5,1,1,2022-11-03,10
3696,2766,27,1,5,1,1,2022-11-03,95
3697,2767,14,1,3,1,1,2022-11-04,42
3698,2768,8,3,2,1,2,2022-11-04,68
3699,2768,21,1,2,1,2,2022-11-04,68
3700,2769,18,3,2,2,,2022-11-04,8
3701,2770,18,2,3,1,3,2022-11-05,6
3702,2771,18,3,6,1,2,2022-11-06,50
3703,2772,15,2,5,2,,2022-11-06,9
3704,2773,13,2,3,2,,2022-11-06,95
3705,2774,6,3,1,1,1,2022-11-06,90
3706,2775,15,3,1,2,,2022-11-06,9
3707,2776,9,1,4,2,,2022-11-07,44
3708,2776,20,1,4,2,,2022-11-07,44
3709,2777,18,2,4,1,3,2022-11-08,60
3710,2777,23,1,4,1,3,2022-11-08,60
3711,2778,9,1,2,2,,2022-11-08,47
3712,2779,9,2,6,1,1,2022-11-08,44
3713,2779,20,1,6,1,1,2022-11-08,44
3714,2780,1,3,3,2,,2022-11-08,1
3715,2781,10,3,1,1,2,2022-11-08,33
3716,2781,19,1,1,1,2,2022-11-08,33
3717,2782,2,1,2,1,1,2022-11-08,100
3718,2782,20,1,2,1,1,2022-11-08,100
3719,2783,8,3,5,2,,2022-11-08,89
3720,2783,30,2,5,2,,2022-11-08,60
3721,2784,7,2,6,2,,2022-11-08,69
3722,2785,12,3,1,2,,2022-11-09,8
3723,2785,25,1,1,2,,2022-11-09,57
3724,2786,17,3,6,1,3,2022-11-09,61
3725,2787,4,3,6,2,,2022-11-09,47
3726,2788,18,3,6,2,,2022-11-09,85
3727,2789,12,3,3,1,3,2022-11-09,37
3728,2790,15,3,3,1,2,2022-11-09,78
3729,2790,26,2,3,1,2,2022-11-09,95
3730,2791,11,3,3,1,2,2022-11-09,74
3731,2791,23,2,3,1,2,2022-11-09,74
3732,2792,7,1,6,2,,2022-11-09,91
3733,2793,2,3,4,1,2,2022-11-10,66
3734,2794,12,1,2,2,,2022-11-10,78
3735,2794,30,1,2,2,,2022-11-10,60
3736,2795,5,1,3,2,,2022-11-11,91
3737,2796,16,1,2,1,1,2022-11-11,2
3738,2797,5,2,2,1,1,2022-11-11,68
3739,2798,12,3,2,1,2,2022-11-11,90
3740,2799,7,3,6,2,,2022-11-12,71
3741,2800,18,3,3,1,3,2022-11-12,19
3742,2800,23,2,3,1,3,2022-11-12,19
3743,2801,1,1,5,2,,2022-11-12,14
3744,2802,12,3,6,1,2,2022-11-12,85
3745,2802,28,1,6,1,2,2022-11-12,24
3746,2803,5,2,1,1,3,2022-11-12,98
3747,2804,10,1,1,1,2,2022-11-12,35
3748,2804,24,1,1,1,2,2022-11-12,21
3749,2805,11,3,5,2,,2022-11-12,78
3750,2806,6,1,1,1,3,2022-11-12,21
3751,2807,4,2,2,1,1,2022-11-12,29
3752,2808,3,1,1,2,,2022-11-13,92
3753,2809,2,2,1,2,,2022-11-13,32
3754,2810,7,3,4,2,,2022-11-13,83
3755,2811,18,3,4,1,1,2022-11-14,87
3756,2812,5,2,5,1,3,2022-11-14,16
3757,2813,16,3,5,1,2,2022-11-14,80
3758,2814,14,1,4,2,,2022-11-14,64
3759,2814,23,1,4,2,,2022-11-14,64
3760,2815,15,1,1,1,3,2022-11-15,75
3761,2816,13,3,2,1,2,2022-11-15,97
3762,2817,13,1,6,1,1,2022-11-15,64
3763,2817,19,1,6,1,1,2022-11-15,64
3764,2817,23,2,6,1,1,2022-11-15,64
3765,2818,2,1,1,1,1,2022-11-15,42
3766,2819,9,2,1,2,,2022-11-15,21
3767,2820,10,2,6,2,,2022-11-16,34
3768,2821,4,3,4,2,,2022-11-16,54
3769,2822,17,1,3,1,2,2022-11-16,47
3770,2823,2,2,4,1,1,2022-11-17,75
3771,2824,7,1,4,1,2,2022-11-17,94
3772,2825,1,3,3,1,3,2022-11-18,67
3773,2826,16,3,6,1,2,2022-11-18,6
3774,2827,2,1,2,2,,2022-11-18,49
3775,2828,11,3,6,2,,2022-11-18,42
3776,2829,2,1,6,1,3,2022-11-19,60
3777,2830,9,3,6,2,,2022-11-19,46
3778,2831,15,2,3,1,3,2022-11-20,69
3779,2832,10,1,1,1,1,2022-11-20,50
3780,2833,9,2,3,2,,2022-11-20,67
3781,2833,24,2,3,2,,2022-11-20,21
3782,2834,2,2,3,1,3,2022-11-20,13
3783,2835,4,1,1,1,1,2022-11-20,50
3784,2836,15,3,6,1,1,2022-11-20,61
3785,2837,14,2,6,1,2,2022-11-20,29
3786,2838,6,1,5,1,2,2022-11-20,60
3787,2839,10,1,5,1,2,2022-11-21,73
3788,2840,8,1,2,2,,2022-11-21,57
3789,2841,9,2,3,2,,2022-11-21,66
3790,2842,17,1,5,1,1,2022-11-21,29
3791,2843,7,1,5,1,1,2022-11-21,48
3792,2844,8,3,4,2,,2022-11-21,65
3793,2845,13,2,4,1,1,2022-11-22,83
3794,2846,18,1,6,1,1,2022-11-22,72
3795,2847,18,3,4,2,,2022-11-22,59
3796,2847,23,1,4,2,,2022-11-22,59
3797,2848,15,3,1,1,3,2022-11-23,39
3798,2849,14,1,5,1,1,2022-11-23,90
3799,2849,21,2,5,1,1,2022-11-23,90
3800,2850,12,1,6,2,,2022-11-23,54
3801,2851,6,2,1,1,2,2022-11-23,99
3802,2852,5,3,3,2,,2022-11-24,70
3803,2852,30,1,3,2,,2022-11-24,60
3804,2853,18,3,6,2,,2022-11-24,64
3805,2854,16,1,4,2,,2022-11-24,33
3806,2854,30,1,4,2,,2022-11-24,60
3807,2855,13,1,5,1,3,2022-11-24,47
3808,2856,4,3,4,2,,2022-11-24,90
3809,2857,18,2,2,1,2,2022-11-25,15
3810,2858,1,3,1,2,,2022-11-25,90
3811,2859,12,3,2,1,1,2022-11-25,72
3812,2860,3,2,6,2,,2022-11-25,22
3813,2860,27,1,6,2,,2022-11-25,95
3814,2861,14,1,3,2,,2022-11-26,45
3815,2862,18,2,4,1,3,2022-11-26,50
3816,2863,15,2,4,2,,2022-11-26,65
3817,2864,6,3,6,1,3,2022-11-27,20
3818,2865,18,3,4,2,,2022-11-28,60
3819,2865,25,1,4,2,,2022-11-28,57
3820,2866,18,2,6,2,,2022-11-28,83
3821,2867,15,3,4,2,,2022-11-28,96
3822,2868,13,1,6,2,,2022-11-28,36
3823,2868,22,2,6,2,,2022-11-28,36
3824,2869,17,2,2,1,3,2022-11-28,45
3825,2869,21,1,2,1,3,2022-11-28,45
3826,2870,1,2,6,1,1,2022-11-28,12
3827,2871,3,3,6,1,1,2022-11-28,90
3828,2872,2,3,4,1,2,2022-11-29,98
3829,2872,19,1,4,1,2,2022-11-29,98
3830,2873,4,3,5,1,2,2022-11-29,73
3831,2874,15,3,1,1,2,2022-11-29,48
3832,2875,10,2,3,2,,2022-11-29,99
3833,2876,11,2,6,1,2,2022-11-29,96
3834,2877,4,2,5,1,1,2022-11-29,23
3835,2877,27,2,5,1,1,2022-11-29,95
3836,2878,18,2,1,1,2,2022-11-30,100
3837,2879,12,1,5,2,,2022-11-30,73
3838,2880,5,2,4,2,,2022-12-01,90
3839,2881,11,3,6,2,,2022-12-01,17
3840,2882,11,1,4,1,1,2022-12-01,13
3841,2883,14,1,6,1,3,2022-12-01,19
3842,2884,16,1,3,1,3,2022-12-01,26
3843,2885,2,3,3,2,,2022-12-02,15
3844,2885,21,2,3,2,,2022-12-02,15
3845,2885,19,1,3,2,,2022-12-02,15
3846,2886,17,1,3,1,3,2022-12-02,91
3847,2887,13,3,6,2,,2022-12-02,94
3848,2887,21,1,6,2,,2022-12-02,94
3849,2888,18,1,5,2,,2022-12-02,24
3850,2889,17,2,1,2,,2022-12-03,96
3851,2889,28,2,1,2,,2022-12-03,24
3852,2890,11,1,3,2,,2022-12-03,28
3853,2891,15,2,4,1,2,2022-12-03,51
3854,2892,18,1,2,2,,2022-12-03,95
3855,2893,3,1,6,1,3,2022-12-04,71
3856,2893,25,1,6,1,3,2022-12-04,57
3857,2894,13,3,6,1,1,2022-12-04,21
3858,2894,22,1,6,1,1,2022-12-04,21
3859,2895,17,1,5,1,3,2022-12-04,47
3860,2896,16,1,3,2,,2022-12-04,44
3861,2897,6,3,1,1,3,2022-12-04,49
3862,2898,16,3,4,1,1,2022-12-04,64
3863,2899,17,3,3,1,3,2022-12-05,29
3864,2900,9,3,3,1,3,2022-12-05,73
3865,2901,11,3,5,2,,2022-12-06,86
3866,2902,7,2,3,1,1,2022-12-07,35
3867,2903,6,2,4,2,,2022-12-07,24
3868,2904,1,3,3,2,,2022-12-07,44
3869,2905,6,3,6,2,,2022-12-07,60
3870,2906,7,2,5,1,1,2022-12-07,74
3871,2907,17,1,5,2,,2022-12-07,60
3872,2908,14,2,2,2,,2022-12-07,16
3873,2909,16,3,1,1,1,2022-12-08,47
3874,2909,23,2,1,1,1,2022-12-08,47
3875,2909,26,2,1,1,1,2022-12-08,95
3876,2910,2,1,4,2,,2022-12-08,61
3877,2910,27,1,4,2,,2022-12-08,95
3878,2911,12,1,1,2,,2022-12-08,79
3879,2911,28,1,1,2,,2022-12-08,24
3880,2912,1,2,5,2,,2022-12-08,4
3881,2913,6,3,6,2,,2022-12-09,89
3882,2914,2,3,6,2,,2022-12-09,79
3883,2915,13,2,6,2,,2022-12-09,68
3884,2915,21,1,6,2,,2022-12-09,68
3885,2916,16,3,1,1,2,2022-12-09,47
3886,2917,3,3,4,2,,2022-12-09,37
3887,2918,2,1,6,1,1,2022-12-10,99
3888,2919,14,1,1,2,,2022-12-10,99
3889,2920,5,3,2,1,1,2022-12-10,59
3890,2921,1,1,5,1,1,2022-12-10,62
3891,2922,7,3,3,1,3,2022-12-10,32
3892,2923,1,1,2,1,3,2022-12-11,84
3893,2923,25,2,2,1,3,2022-12-11,57
3894,2923,24,1,2,1,3,2022-12-11,21
3895,2924,16,2,6,2,,2022-12-11,20
3896,2924,26,2,6,2,,2022-12-11,95
3897,2925,1,1,6,2,,2022-12-12,96
3898,2926,3,1,1,2,,2022-12-12,95
3899,2926,23,1,1,2,,2022-12-12,95
3900,2927,4,3,2,1,1,2022-12-12,44
3901,2928,17,1,2,2,,2022-12-13,32
3902,2928,19,2,2,2,,2022-12-13,32
3903,2928,21,2,2,2,,2022-12-13,32
3904,2929,17,2,4,1,2,2022-12-13,18
3905,2929,22,2,4,1,2,2022-12-13,18
3906,2929,20,1,4,1,2,2022-12-13,18
3907,2930,12,2,5,1,3,2022-12-13,34
3908,2931,18,2,3,1,1,2022-12-14,11
3909,2932,3,3,5,2,,2022-12-14,1
3910,2933,13,1,1,2,,2022-12-14,71
3911,2934,7,3,1,2,,2022-12-14,21
3912,2935,4,2,4,2,,2022-12-15,92
3913,2936,15,2,6,1,3,2022-12-15,7
3914,2937,18,2,2,2,,2022-12-15,85
3915,2938,11,2,4,2,,2022-12-15,98
3916,2939,1,2,4,1,3,2022-12-15,1
3917,2939,28,1,4,1,3,2022-12-15,24
3918,2940,14,1,3,1,1,2022-12-15,38
3919,2941,5,2,5,2,,2022-12-15,17
3920,2942,14,3,5,2,,2022-12-16,93
3921,2943,9,2,2,2,,2022-12-16,27
3922,2944,11,3,3,1,2,2022-12-16,19
3923,2945,2,2,4,2,,2022-12-16,27
3924,2946,3,1,6,1,2,2022-12-16,25
3925,2947,3,3,5,2,,2022-12-17,19
3926,2947,31,1,5,2,,2022-12-17,35
3927,2948,13,1,5,1,1,2022-12-17,43
3928,2949,17,2,5,2,,2022-12-17,33
3929,2949,22,2,5,2,,2022-12-17,33
3930,2950,9,3,6,2,,2022-12-17,65
3931,2951,6,1,1,1,2,2022-12-18,73
3932,2951,21,2,1,1,2,2022-12-18,73
3933,2951,28,1,1,1,2,2022-12-18,24
3934,2952,9,3,4,2,,2022-12-18,25
3935,2952,21,1,4,2,,2022-12-18,25
3936,2953,3,2,5,2,,2022-12-18,35
3937,2953,22,2,5,2,,2022-12-18,35
3938,2954,14,1,5,2,,2022-12-19,89
3939,2955,14,3,5,2,,2022-12-19,80
3940,2956,1,1,6,2,,2022-12-20,53
3941,2956,27,1,6,2,,2022-12-20,95
3942,2957,1,2,3,1,1,2022-12-20,23
3943,2957,23,2,3,1,1,2022-12-20,23
3944,2958,17,3,2,2,,2022-12-20,7
3945,2959,11,2,3,2,,2022-12-20,75
3946,2959,26,1,3,2,,2022-12-20,95
3947,2960,14,2,6,1,2,2022-12-21,15
3948,2961,12,3,4,1,3,2022-12-21,56
3949,2962,3,3,1,2,,2022-12-21,95
3950,2963,11,3,1,2,,2022-12-22,17
3951,2963,27,2,1,2,,2022-12-22,95
3952,2964,1,1,2,2,,2022-12-22,12
3953,2965,16,1,4,1,2,2022-12-22,99
3954,2966,3,2,4,2,,2022-12-23,48
3955,2967,11,1,2,1,3,2022-12-23,77
3956,2967,22,1,2,1,3,2022-12-23,77
3957,2968,10,2,4,2,,2022-12-23,23
3958,2968,23,2,4,2,,2022-12-23,23
3959,2969,10,1,3,1,1,2022-12-23,99
3960,2970,17,1,4,1,2,2022-12-23,58
3961,2970,20,2,4,1,2,2022-12-23,58
3962,2970,26,2,4,1,2,2022-12-23,95
3963,2971,14,1,4,1,2,2022-12-24,33
3964,2972,8,3,3,1,2,2022-12-24,84
3965,2973,14,1,4,1,3,2022-12-24,25
3966,2974,7,2,2,1,3,2022-12-24,41
3967,2974,24,2,2,1,3,2022-12-24,21
3968,2975,8,2,6,1,3,2022-12-24,73
3969,2976,5,3,3,2,,2022-12-24,28
3970,2977,11,2,1,2,,2022-12-25,47
3971,2978,7,3,6,1,3,2022-12-25,32
3972,2978,31,2,6,1,3,2022-12-25,35
3973,2979,11,3,2,1,3,2022-12-25,42
3974,2980,12,1,4,2,,2022-12-25,100
3975,2980,21,1,4,2,,2022-12-25,100
3976,2981,5,3,5,1,2,2022-12-26,7
3977,2982,2,1,2,2,,2022-12-26,13
3978,2983,7,1,4,1,2,2022-12-26,35
3979,2983,22,2,4,1,2,2022-12-26,35
3980,2983,19,2,4,1,2,2022-12-26,35
3981,2984,8,1,5,1,3,2022-12-26,94
3982,2985,2,1,4,1,2,2022-12-26,3
3983,2986,12,2,3,1,2,2022-12-27,38
3984,2987,2,1,5,2,,2022-12-27,64
3985,2988,10,1,1,1,3,2022-12-27,42
3986,2988,19,2,1,1,3,2022-12-27,42
3987,2989,4,3,5,1,2,2022-12-28,20
3988,2990,1,3,6,2,,2022-12-28,84
3989,2991,7,3,4,1,1,2022-12-28,49
3990,2992,9,3,1,2,,2022-12-28,43
3991,2993,1,2,6,2,,2022-12-28,38
3992,2994,7,2,5,2,,2022-12-28,41
3993,2995,13,2,4,2,,2022-12-28,3
3994,2995,24,2,4,2,,2022-12-28,21
3995,2996,3,1,5,1,1,2022-12-29,21
3996,2996,29,2,5,1,1,2022-12-29,96
3997,2997,4,3,1,1,1,2022-12-30,81
3998,2998,3,1,6,2,,2022-12-30,50
3999,2999,13,3,6,1,3,2022-12-30,82
4000,3000,11,2,2,2,,2022-12-31,97